relative_path,month,kind,filename,bytes,filesystem_mtime
2026-01/Img/37702a9b0558672864257958ddc31c3c.dat,2026-01,Img,37702a9b0558672864257958ddc31c3c.dat,33301,2026-09-11T05:19:56
2026-01/Img/37702a9b0558672864257958ddc31c3c_h.dat,2026-01,Img,37702a9b0558672864257958ddc31c3c_h.dat,204379,2026-09-11T05:19:56
2026-01/Img/37702a9b0558672864257958ddc31c3c_t.dat,2026-01,Img,37702a9b0558672864257958ddc31c3c_t.dat,2298,2026-09-11T05:19:56
2026-01/Img/37e7825fce57aa1e246dd80c3220d715.dat,2026-01,Img,37e7825fce57aa1e246dd80c3220d715.dat,78433,2026-09-11T05:19:56
2026-01/Img/37e7825fce57aa1e246dd80c3220d715_h.dat,2026-01,Img,37e7825fce57aa1e246dd80c3220d715_h.dat,78433,2026-09-11T05:19:56
2026-01/Img/37e7825fce57aa1e246dd80c3220d715_t.dat,2026-01,Img,37e7825fce57aa1e246dd80c3220d715_t.dat,2284,2026-09-11T05:19:56
2026-01/Img/c2ee1d05ba2dbff9261d82434b448292.dat,2026-01,Img,c2ee1d05ba2dbff9261d82434b448292.dat,87965,2026-09-11T05:19:56
2026-01/Img/c2ee1d05ba2dbff9261d82434b448292_h.dat,2026-01,Img,c2ee1d05ba2dbff9261d82434b448292_h.dat,87965,2026-09-11T05:19:56
2026-01/Img/c2ee1d05ba2dbff9261d82434b448292_t.dat,2026-01,Img,c2ee1d05ba2dbff9261d82434b448292_t.dat,3313,2026-09-11T05:19:56
2026-01/Img/e4d0f6e9f74d7f7e2cf19c1099382c22.dat,2026-01,Img,e4d0f6e9f74d7f7e2cf19c1099382c22.dat,12136,2026-09-11T05:19:56
2026-01/Img/e4d0f6e9f74d7f7e2cf19c1099382c22_t.dat,2026-01,Img,e4d0f6e9f74d7f7e2cf19c1099382c22_t.dat,5871,2026-09-11T05:19:56
2026-02/Img/0009973e420000418464e64457a6c0ee.dat,2026-02,Img,0009973e420000418464e64457a6c0ee.dat,25437,2026-09-11T05:19:56
2026-02/Img/0009973e420000418464e64457a6c0ee_h.dat,2026-02,Img,0009973e420000418464e64457a6c0ee_h.dat,353901,2026-09-11T05:19:56
2026-02/Img/0009973e420000418464e64457a6c0ee_t.dat,2026-02,Img,0009973e420000418464e64457a6c0ee_t.dat,5664,2026-09-11T05:19:56
2026-02/Img/03a36d25be414569dd7c6bf78bce3a0f.dat,2026-02,Img,03a36d25be414569dd7c6bf78bce3a0f.dat,94130,2026-09-11T05:19:56
2026-02/Img/03a36d25be414569dd7c6bf78bce3a0f_h.dat,2026-02,Img,03a36d25be414569dd7c6bf78bce3a0f_h.dat,377027,2026-09-11T05:19:56
2026-02/Img/03a36d25be414569dd7c6bf78bce3a0f_t.dat,2026-02,Img,03a36d25be414569dd7c6bf78bce3a0f_t.dat,8649,2026-09-11T05:19:56
2026-02/Img/04f5ab6dbe637dd3b134938d2ea6abf7.dat,2026-02,Img,04f5ab6dbe637dd3b134938d2ea6abf7.dat,14754,2026-09-11T05:19:56
2026-02/Img/04f5ab6dbe637dd3b134938d2ea6abf7_h.dat,2026-02,Img,04f5ab6dbe637dd3b134938d2ea6abf7_h.dat,231286,2026-09-11T05:19:56
2026-02/Img/04f5ab6dbe637dd3b134938d2ea6abf7_t.dat,2026-02,Img,04f5ab6dbe637dd3b134938d2ea6abf7_t.dat,3637,2026-09-11T05:19:56
2026-02/Img/09b67303f2a7d232da40e2d2210af5a1.dat,2026-02,Img,09b67303f2a7d232da40e2d2210af5a1.dat,93151,2026-09-11T05:19:56
2026-02/Img/09b67303f2a7d232da40e2d2210af5a1_h.dat,2026-02,Img,09b67303f2a7d232da40e2d2210af5a1_h.dat,2080301,2026-09-11T05:19:56
2026-02/Img/09b67303f2a7d232da40e2d2210af5a1_t.dat,2026-02,Img,09b67303f2a7d232da40e2d2210af5a1_t.dat,4225,2026-09-11T05:19:56
2026-02/Img/16ef0b484da03e372026aac1e03727a7.dat,2026-02,Img,16ef0b484da03e372026aac1e03727a7.dat,1939,2026-09-11T05:19:56
2026-02/Img/16ef0b484da03e372026aac1e03727a7_t.dat,2026-02,Img,16ef0b484da03e372026aac1e03727a7_t.dat,1277,2026-09-11T05:19:56
2026-02/Img/18bfeef7bb9619a5edf910b297c590ef_t.dat,2026-02,Img,18bfeef7bb9619a5edf910b297c590ef_t.dat,12465,2026-09-11T05:19:56
2026-02/Img/1a7168c7b009b8bba1cd10b7168d65d4.dat,2026-02,Img,1a7168c7b009b8bba1cd10b7168d65d4.dat,69109,2026-09-11T05:19:56
2026-02/Img/1a7168c7b009b8bba1cd10b7168d65d4_h.dat,2026-02,Img,1a7168c7b009b8bba1cd10b7168d65d4_h.dat,533632,2026-09-11T05:19:56
2026-02/Img/1a7168c7b009b8bba1cd10b7168d65d4_t.dat,2026-02,Img,1a7168c7b009b8bba1cd10b7168d65d4_t.dat,5080,2026-09-11T05:19:56
2026-02/Img/1b2846ab0c91c845ff05e5ec310cf66a.dat,2026-02,Img,1b2846ab0c91c845ff05e5ec310cf66a.dat,105823,2026-09-11T05:19:56
2026-02/Img/1b2846ab0c91c845ff05e5ec310cf66a_h.dat,2026-02,Img,1b2846ab0c91c845ff05e5ec310cf66a_h.dat,960905,2026-09-11T05:19:56
2026-02/Img/1b2846ab0c91c845ff05e5ec310cf66a_t.dat,2026-02,Img,1b2846ab0c91c845ff05e5ec310cf66a_t.dat,4339,2026-09-11T05:19:56
2026-02/Img/1b3bbe4a1037f41ee1f54844fddfc44d.dat,2026-02,Img,1b3bbe4a1037f41ee1f54844fddfc44d.dat,184863,2026-09-11T05:19:56
2026-02/Img/1b3bbe4a1037f41ee1f54844fddfc44d_t.dat,2026-02,Img,1b3bbe4a1037f41ee1f54844fddfc44d_t.dat,5572,2026-09-11T05:19:56
2026-02/Img/1b6360ffd391e808214cdd3bba450686.dat,2026-02,Img,1b6360ffd391e808214cdd3bba450686.dat,84945,2026-09-11T05:19:56
2026-02/Img/1b6360ffd391e808214cdd3bba450686_t.dat,2026-02,Img,1b6360ffd391e808214cdd3bba450686_t.dat,7910,2026-09-11T05:19:56
2026-02/Img/206b18de05893104f32f2503905200ad.dat,2026-02,Img,206b18de05893104f32f2503905200ad.dat,73749,2026-09-11T05:19:56
2026-02/Img/206b18de05893104f32f2503905200ad_t.dat,2026-02,Img,206b18de05893104f32f2503905200ad_t.dat,12995,2026-09-11T05:19:56
2026-02/Img/2ba75a755257df6115db5d98d9954508.dat,2026-02,Img,2ba75a755257df6115db5d98d9954508.dat,96316,2026-09-11T05:19:56
2026-02/Img/2ba75a755257df6115db5d98d9954508_t.dat,2026-02,Img,2ba75a755257df6115db5d98d9954508_t.dat,11361,2026-09-11T05:19:56
2026-02/Img/3755c178482a8f676d0c248e09b4496a.dat,2026-02,Img,3755c178482a8f676d0c248e09b4496a.dat,151409,2026-09-11T05:19:56
2026-02/Img/3755c178482a8f676d0c248e09b4496a_h.dat,2026-02,Img,3755c178482a8f676d0c248e09b4496a_h.dat,2806551,2026-09-11T05:19:56
2026-02/Img/3755c178482a8f676d0c248e09b4496a_t.dat,2026-02,Img,3755c178482a8f676d0c248e09b4496a_t.dat,3354,2026-09-11T05:19:56
2026-02/Img/3b9f52645f24901641f4a26fe45964ed.dat,2026-02,Img,3b9f52645f24901641f4a26fe45964ed.dat,132802,2026-09-11T05:19:56
2026-02/Img/3b9f52645f24901641f4a26fe45964ed_t.dat,2026-02,Img,3b9f52645f24901641f4a26fe45964ed_t.dat,4003,2026-09-11T05:19:56
2026-02/Img/3ff6da0ff7ecae827d10e124498130d4.dat,2026-02,Img,3ff6da0ff7ecae827d10e124498130d4.dat,50627,2026-09-11T05:19:56
2026-02/Img/3ff6da0ff7ecae827d10e124498130d4_t.dat,2026-02,Img,3ff6da0ff7ecae827d10e124498130d4_t.dat,2533,2026-09-11T05:19:56
2026-02/Img/408_1770869088_t.dat,2026-02,Img,408_1770869088_t.dat,32384,2026-09-11T05:19:56
2026-02/Img/48083a3710e730d10ea5392d29bf7368.dat,2026-02,Img,48083a3710e730d10ea5392d29bf7368.dat,154835,2026-09-11T05:19:56
2026-02/Img/48083a3710e730d10ea5392d29bf7368_t.dat,2026-02,Img,48083a3710e730d10ea5392d29bf7368_t.dat,13626,2026-09-11T05:19:56
2026-02/Img/4c7e7e9b4dfa4f773de41795ca0f1aaa.dat,2026-02,Img,4c7e7e9b4dfa4f773de41795ca0f1aaa.dat,19501,2026-09-11T05:19:56
2026-02/Img/4c7e7e9b4dfa4f773de41795ca0f1aaa_t.dat,2026-02,Img,4c7e7e9b4dfa4f773de41795ca0f1aaa_t.dat,4237,2026-09-11T05:19:56
2026-02/Img/4f87315707506792b27ec549f6222a3d.dat,2026-02,Img,4f87315707506792b27ec549f6222a3d.dat,120525,2026-09-11T05:19:56
2026-02/Img/4f87315707506792b27ec549f6222a3d_t.dat,2026-02,Img,4f87315707506792b27ec549f6222a3d_t.dat,3255,2026-09-11T05:19:56
2026-02/Img/4feb4a5238d3b242272a6dba1933c8b4.dat,2026-02,Img,4feb4a5238d3b242272a6dba1933c8b4.dat,20642,2026-09-11T05:19:56
2026-02/Img/4feb4a5238d3b242272a6dba1933c8b4_t.dat,2026-02,Img,4feb4a5238d3b242272a6dba1933c8b4_t.dat,3108,2026-09-11T05:19:56
2026-02/Img/5244727714431a348ab001af402106ee.dat,2026-02,Img,5244727714431a348ab001af402106ee.dat,31032,2026-09-11T05:19:56
2026-02/Img/5244727714431a348ab001af402106ee_t.dat,2026-02,Img,5244727714431a348ab001af402106ee_t.dat,5698,2026-09-11T05:19:56
2026-02/Img/5348eec99d3b9c26f31a7af657b0ec41.dat,2026-02,Img,5348eec99d3b9c26f31a7af657b0ec41.dat,107940,2026-09-11T05:19:56
2026-02/Img/5348eec99d3b9c26f31a7af657b0ec41_t.dat,2026-02,Img,5348eec99d3b9c26f31a7af657b0ec41_t.dat,11579,2026-09-11T05:19:56
2026-02/Img/5a43b282b50d27a74ee0f5b8c8a36ab9.dat,2026-02,Img,5a43b282b50d27a74ee0f5b8c8a36ab9.dat,69716,2026-09-11T05:19:56
2026-02/Img/5a43b282b50d27a74ee0f5b8c8a36ab9_t.dat,2026-02,Img,5a43b282b50d27a74ee0f5b8c8a36ab9_t.dat,10513,2026-09-11T05:19:56
2026-02/Img/5bb47138df4a3ead4d721cf61ad3a291.dat,2026-02,Img,5bb47138df4a3ead4d721cf61ad3a291.dat,22014,2026-09-11T05:19:56
2026-02/Img/5bb47138df4a3ead4d721cf61ad3a291_h.dat,2026-02,Img,5bb47138df4a3ead4d721cf61ad3a291_h.dat,337487,2026-09-11T05:19:56
2026-02/Img/5bb47138df4a3ead4d721cf61ad3a291_t.dat,2026-02,Img,5bb47138df4a3ead4d721cf61ad3a291_t.dat,5851,2026-09-11T05:19:56
2026-02/Img/605_1771478877_t.dat,2026-02,Img,605_1771478877_t.dat,29194,2026-09-11T05:19:56
2026-02/Img/6c7a2214c06db02bde8d705ba01bd2a8.dat,2026-02,Img,6c7a2214c06db02bde8d705ba01bd2a8.dat,215438,2026-09-11T05:19:56
2026-02/Img/6c7a2214c06db02bde8d705ba01bd2a8_t.dat,2026-02,Img,6c7a2214c06db02bde8d705ba01bd2a8_t.dat,19664,2026-09-11T05:19:56
2026-02/Img/78362ce2a2079e3d7fe8f2eeb7fed6a0.dat,2026-02,Img,78362ce2a2079e3d7fe8f2eeb7fed6a0.dat,185582,2026-09-11T05:19:56
2026-02/Img/78362ce2a2079e3d7fe8f2eeb7fed6a0_t.dat,2026-02,Img,78362ce2a2079e3d7fe8f2eeb7fed6a0_t.dat,8563,2026-09-11T05:19:56
2026-02/Img/7bb30643b179b49f1bcd9993d8f905c5_t.dat,2026-02,Img,7bb30643b179b49f1bcd9993d8f905c5_t.dat,10258,2026-09-11T05:19:56
2026-02/Img/7f8112632c5df99b9756bd104a9819e9.dat,2026-02,Img,7f8112632c5df99b9756bd104a9819e9.dat,73371,2026-09-11T05:19:56
2026-02/Img/7f8112632c5df99b9756bd104a9819e9_t.dat,2026-02,Img,7f8112632c5df99b9756bd104a9819e9_t.dat,7069,2026-09-11T05:19:56
2026-02/Img/8048ce91c8cb6d51fc2e013e83f170df.dat,2026-02,Img,8048ce91c8cb6d51fc2e013e83f170df.dat,58295,2026-09-11T05:19:56
2026-02/Img/8048ce91c8cb6d51fc2e013e83f170df_h.dat,2026-02,Img,8048ce91c8cb6d51fc2e013e83f170df_h.dat,3769133,2026-09-11T05:19:56
2026-02/Img/8048ce91c8cb6d51fc2e013e83f170df_t.dat,2026-02,Img,8048ce91c8cb6d51fc2e013e83f170df_t.dat,4135,2026-09-11T05:19:56
2026-02/Img/80e9cd40ca85b20e467b599d976257a3.dat,2026-02,Img,80e9cd40ca85b20e467b599d976257a3.dat,182911,2026-09-11T05:19:56
2026-02/Img/80e9cd40ca85b20e467b599d976257a3_h.dat,2026-02,Img,80e9cd40ca85b20e467b599d976257a3_h.dat,3569017,2026-09-11T05:19:56
2026-02/Img/80e9cd40ca85b20e467b599d976257a3_t.dat,2026-02,Img,80e9cd40ca85b20e467b599d976257a3_t.dat,4090,2026-09-11T05:19:56
2026-02/Img/88e2b4aaeefb1afa81e3ac21dd0c5547.dat,2026-02,Img,88e2b4aaeefb1afa81e3ac21dd0c5547.dat,104615,2026-09-11T05:19:56
2026-02/Img/88e2b4aaeefb1afa81e3ac21dd0c5547_t.dat,2026-02,Img,88e2b4aaeefb1afa81e3ac21dd0c5547_t.dat,3986,2026-09-11T05:19:56
2026-02/Img/8bc2ab4885b54d88d3e3c1b8f8efce87_t.dat,2026-02,Img,8bc2ab4885b54d88d3e3c1b8f8efce87_t.dat,3439,2026-09-11T05:19:56
2026-02/Img/8c310b1879c986aba15d9b56193602d5.dat,2026-02,Img,8c310b1879c986aba15d9b56193602d5.dat,297702,2026-09-11T05:19:56
2026-02/Img/8c310b1879c986aba15d9b56193602d5_t.dat,2026-02,Img,8c310b1879c986aba15d9b56193602d5_t.dat,2141,2026-09-11T05:19:56
2026-02/Img/942cf8e056eec93458e9a825d4ab2074.dat,2026-02,Img,942cf8e056eec93458e9a825d4ab2074.dat,234122,2026-09-11T05:19:56
2026-02/Img/942cf8e056eec93458e9a825d4ab2074_t.dat,2026-02,Img,942cf8e056eec93458e9a825d4ab2074_t.dat,4286,2026-09-11T05:19:56
2026-02/Img/9d8ffc082d3b0d3e5fd2f0fd6366219a.dat,2026-02,Img,9d8ffc082d3b0d3e5fd2f0fd6366219a.dat,98460,2026-09-11T05:19:56
2026-02/Img/9d8ffc082d3b0d3e5fd2f0fd6366219a_h.dat,2026-02,Img,9d8ffc082d3b0d3e5fd2f0fd6366219a_h.dat,7031387,2026-09-11T05:19:56
2026-02/Img/9d8ffc082d3b0d3e5fd2f0fd6366219a_t.dat,2026-02,Img,9d8ffc082d3b0d3e5fd2f0fd6366219a_t.dat,13007,2026-09-11T05:19:56
2026-02/Img/9dada124d1bdae27812a60bb7e12890d.dat,2026-02,Img,9dada124d1bdae27812a60bb7e12890d.dat,40405,2026-09-11T05:19:56
2026-02/Img/9dada124d1bdae27812a60bb7e12890d_t.dat,2026-02,Img,9dada124d1bdae27812a60bb7e12890d_t.dat,9759,2026-09-11T05:19:56
2026-02/Img/9de6802b9460c870624de8aa821e3685.dat,2026-02,Img,9de6802b9460c870624de8aa821e3685.dat,188616,2026-09-11T05:19:56
2026-02/Img/9de6802b9460c870624de8aa821e3685_h.dat,2026-02,Img,9de6802b9460c870624de8aa821e3685_h.dat,3482940,2026-09-11T05:19:56
2026-02/Img/9de6802b9460c870624de8aa821e3685_t.dat,2026-02,Img,9de6802b9460c870624de8aa821e3685_t.dat,3857,2026-09-11T05:19:56
2026-02/Img/a595c17d3c54ae130fc8df4e7a3d02b9.dat,2026-02,Img,a595c17d3c54ae130fc8df4e7a3d02b9.dat,237006,2026-09-11T05:19:56
2026-02/Img/a595c17d3c54ae130fc8df4e7a3d02b9_t.dat,2026-02,Img,a595c17d3c54ae130fc8df4e7a3d02b9_t.dat,7100,2026-09-11T05:19:56
2026-02/Img/aa653a2871c454bec44aea1814658ea6.dat,2026-02,Img,aa653a2871c454bec44aea1814658ea6.dat,780193,2026-09-11T05:19:56
2026-02/Img/aa653a2871c454bec44aea1814658ea6_t.dat,2026-02,Img,aa653a2871c454bec44aea1814658ea6_t.dat,9558,2026-09-11T05:19:56
2026-02/Img/af9b81373d2a37e33bc94e5262998e35.dat,2026-02,Img,af9b81373d2a37e33bc94e5262998e35.dat,105143,2026-09-11T05:19:56
2026-02/Img/af9b81373d2a37e33bc94e5262998e35_t.dat,2026-02,Img,af9b81373d2a37e33bc94e5262998e35_t.dat,12544,2026-09-11T05:19:56
2026-02/Img/ba5bbe23bd8801910f926b9872ad964c.dat,2026-02,Img,ba5bbe23bd8801910f926b9872ad964c.dat,11475,2026-09-11T05:19:56
2026-02/Img/ba5bbe23bd8801910f926b9872ad964c_h.dat,2026-02,Img,ba5bbe23bd8801910f926b9872ad964c_h.dat,186535,2026-09-11T05:19:56
2026-02/Img/ba5bbe23bd8801910f926b9872ad964c_t.dat,2026-02,Img,ba5bbe23bd8801910f926b9872ad964c_t.dat,5840,2026-09-11T05:19:56
2026-02/Img/ce4f65eb57752c54b8eedd8fe7c5c7ba.dat,2026-02,Img,ce4f65eb57752c54b8eedd8fe7c5c7ba.dat,76156,2026-09-11T05:19:56
2026-02/Img/ce4f65eb57752c54b8eedd8fe7c5c7ba_t.dat,2026-02,Img,ce4f65eb57752c54b8eedd8fe7c5c7ba_t.dat,6524,2026-09-11T05:19:56
2026-02/Img/d9a314e1de5b68c16400d5a3ba8abe42.dat,2026-02,Img,d9a314e1de5b68c16400d5a3ba8abe42.dat,35128,2026-09-11T05:19:56
2026-02/Img/d9a314e1de5b68c16400d5a3ba8abe42_t.dat,2026-02,Img,d9a314e1de5b68c16400d5a3ba8abe42_t.dat,8596,2026-09-11T05:19:56
2026-02/Img/e345b0a0aaec6c9c04b211e012e9b389.dat,2026-02,Img,e345b0a0aaec6c9c04b211e012e9b389.dat,33612,2026-09-11T05:19:56
2026-02/Img/e345b0a0aaec6c9c04b211e012e9b389_t.dat,2026-02,Img,e345b0a0aaec6c9c04b211e012e9b389_t.dat,2491,2026-09-11T05:19:56
2026-02/Img/e6aaf2d5cd0f70abb3c4e2882fe5aaac.dat,2026-02,Img,e6aaf2d5cd0f70abb3c4e2882fe5aaac.dat,549111,2026-09-11T05:19:56
2026-02/Img/e6aaf2d5cd0f70abb3c4e2882fe5aaac_t.dat,2026-02,Img,e6aaf2d5cd0f70abb3c4e2882fe5aaac_t.dat,3817,2026-09-11T05:19:56
2026-02/Img/ed44cc75dcb499a3ee94052c8b046f20.dat,2026-02,Img,ed44cc75dcb499a3ee94052c8b046f20.dat,43504,2026-09-11T05:19:56
2026-02/Img/ed44cc75dcb499a3ee94052c8b046f20_t.dat,2026-02,Img,ed44cc75dcb499a3ee94052c8b046f20_t.dat,2528,2026-09-11T05:19:56
2026-02/Img/f0c22ab6cd638a9232ef5db8d0b228d2.dat,2026-02,Img,f0c22ab6cd638a9232ef5db8d0b228d2.dat,72809,2026-09-11T05:19:56
2026-02/Img/f0c22ab6cd638a9232ef5db8d0b228d2_h.dat,2026-02,Img,f0c22ab6cd638a9232ef5db8d0b228d2_h.dat,224305,2026-09-11T05:19:56
2026-02/Img/f0c22ab6cd638a9232ef5db8d0b228d2_t.dat,2026-02,Img,f0c22ab6cd638a9232ef5db8d0b228d2_t.dat,10385,2026-09-11T05:19:56
2026-02/Img/f1d9aa97c46aa25b97b9fe455df35c0f.dat,2026-02,Img,f1d9aa97c46aa25b97b9fe455df35c0f.dat,9136,2026-09-11T05:19:56
2026-02/Img/f1d9aa97c46aa25b97b9fe455df35c0f_t.dat,2026-02,Img,f1d9aa97c46aa25b97b9fe455df35c0f_t.dat,3749,2026-09-11T05:19:56
2026-02/Img/f71e723d28ac13d27b66cf17f370c30d.dat,2026-02,Img,f71e723d28ac13d27b66cf17f370c30d.dat,121533,2026-09-11T05:19:56
2026-02/Img/f71e723d28ac13d27b66cf17f370c30d_t.dat,2026-02,Img,f71e723d28ac13d27b66cf17f370c30d_t.dat,3975,2026-09-11T05:19:56
2026-03/Img/01e9319fa5cf8ee1bc0c73b1ae5f01e1_h.dat,2026-03,Img,01e9319fa5cf8ee1bc0c73b1ae5f01e1_h.dat,90830,2026-09-11T05:19:56
2026-03/Img/03745a630eda79363626bb0981dc44ed.dat,2026-03,Img,03745a630eda79363626bb0981dc44ed.dat,26728,2026-09-11T05:19:56
2026-03/Img/052f43a64a678cb888ec85d812425502_t.dat,2026-03,Img,052f43a64a678cb888ec85d812425502_t.dat,3119,2026-09-11T05:19:56
2026-03/Img/059109effb64ded97d60ca7eb85a248b_t.dat,2026-03,Img,059109effb64ded97d60ca7eb85a248b_t.dat,4063,2026-09-11T05:19:56
2026-03/Img/072203f78eb60ee3c712d0ad2646e971_t.dat,2026-03,Img,072203f78eb60ee3c712d0ad2646e971_t.dat,6404,2026-09-11T05:19:56
2026-03/Img/084aaacd1c37f70a8e905bc07a718197_h.dat,2026-03,Img,084aaacd1c37f70a8e905bc07a718197_h.dat,280679,2026-09-11T05:19:56
2026-03/Img/0b7f5e0c7c76005cabba2628401d7b17_t.dat,2026-03,Img,0b7f5e0c7c76005cabba2628401d7b17_t.dat,5670,2026-09-11T05:19:56
2026-03/Img/0ea7cea10661bd9da93629c79a7a486c_h.dat,2026-03,Img,0ea7cea10661bd9da93629c79a7a486c_h.dat,1140907,2026-09-11T05:19:56
2026-03/Img/1178c823b8489989e2f17bcf13466ab8_h.dat,2026-03,Img,1178c823b8489989e2f17bcf13466ab8_h.dat,770689,2026-09-11T05:19:56
2026-03/Img/11f22e64335ff24572e2ddc9c3f2be35.dat,2026-03,Img,11f22e64335ff24572e2ddc9c3f2be35.dat,111836,2026-09-11T05:19:56
2026-03/Img/12b342e1e25ec03c94ed2e358326f0d0.dat,2026-03,Img,12b342e1e25ec03c94ed2e358326f0d0.dat,6727,2026-09-11T05:19:56
2026-03/Img/12b342e1e25ec03c94ed2e358326f0d0_h.dat,2026-03,Img,12b342e1e25ec03c94ed2e358326f0d0_h.dat,6727,2026-09-11T05:19:56
2026-03/Img/15d0816ef423dc25237403d6daabbfaa.dat,2026-03,Img,15d0816ef423dc25237403d6daabbfaa.dat,51315,2026-09-11T05:19:56
2026-03/Img/15d0816ef423dc25237403d6daabbfaa_t.dat,2026-03,Img,15d0816ef423dc25237403d6daabbfaa_t.dat,4949,2026-09-11T05:19:56
2026-03/Img/16832f6f59bb2ddfb895fe81ec183858.dat,2026-03,Img,16832f6f59bb2ddfb895fe81ec183858.dat,59696,2026-09-11T05:19:56
2026-03/Img/16832f6f59bb2ddfb895fe81ec183858_h.dat,2026-03,Img,16832f6f59bb2ddfb895fe81ec183858_h.dat,602898,2026-09-11T05:19:56
2026-03/Img/1d2678a7fdd6a8c5c3da1ef51c9355a7.dat,2026-03,Img,1d2678a7fdd6a8c5c3da1ef51c9355a7.dat,12983,2026-09-11T05:19:56
2026-03/Img/1dca12d195e0052a97d9fb8b972475c4_h.dat,2026-03,Img,1dca12d195e0052a97d9fb8b972475c4_h.dat,1492,2026-09-11T05:19:56
2026-03/Img/1e076f3097cda99f9f831db493911cf2_t.dat,2026-03,Img,1e076f3097cda99f9f831db493911cf2_t.dat,2858,2026-09-11T05:19:56
2026-03/Img/2123bcfdf1261cff1d89aa61aa9db41b.dat,2026-03,Img,2123bcfdf1261cff1d89aa61aa9db41b.dat,14194,2026-09-11T05:19:56
2026-03/Img/2123bcfdf1261cff1d89aa61aa9db41b_t.dat,2026-03,Img,2123bcfdf1261cff1d89aa61aa9db41b_t.dat,3461,2026-09-11T05:19:56
2026-03/Img/212e97a0398ef4ef757680b7aaa84b62_h.dat,2026-03,Img,212e97a0398ef4ef757680b7aaa84b62_h.dat,27488,2026-09-11T05:19:56
2026-03/Img/23d412671f92e28f436a93907edefb8e.dat,2026-03,Img,23d412671f92e28f436a93907edefb8e.dat,64093,2026-09-11T05:19:56
2026-03/Img/23d412671f92e28f436a93907edefb8e_t.dat,2026-03,Img,23d412671f92e28f436a93907edefb8e_t.dat,5271,2026-09-11T05:19:56
2026-03/Img/27176bdb6a2ba15c17022a432cc30f4a.dat,2026-03,Img,27176bdb6a2ba15c17022a432cc30f4a.dat,29986,2026-09-11T05:19:56
2026-03/Img/2825be0c0bc163b88d3e29101e3fef1c.dat,2026-03,Img,2825be0c0bc163b88d3e29101e3fef1c.dat,67284,2026-09-11T05:19:56
2026-03/Img/29a93487fdbba886839bf31de3a9caa7_t.dat,2026-03,Img,29a93487fdbba886839bf31de3a9caa7_t.dat,6961,2026-09-11T05:19:56
2026-03/Img/2a8f5fbcae370ecb98877b3ff1c1c913.dat,2026-03,Img,2a8f5fbcae370ecb98877b3ff1c1c913.dat,81244,2026-09-11T05:19:56
2026-03/Img/2a8f5fbcae370ecb98877b3ff1c1c913_t.dat,2026-03,Img,2a8f5fbcae370ecb98877b3ff1c1c913_t.dat,10818,2026-09-11T05:19:56
2026-03/Img/2bbc1f38aa2efdeef05cc990a4e50a56_t.dat,2026-03,Img,2bbc1f38aa2efdeef05cc990a4e50a56_t.dat,6061,2026-09-11T05:19:56
2026-03/Img/2fdd0103691f80957fc14a79475b6d19_t.dat,2026-03,Img,2fdd0103691f80957fc14a79475b6d19_t.dat,1901,2026-09-11T05:19:56
2026-03/Img/3053845468f5302e2b087d4077d7cb8e.dat,2026-03,Img,3053845468f5302e2b087d4077d7cb8e.dat,213445,2026-09-11T05:19:56
2026-03/Img/3111af39b9d3e2602b3975f5f7ad9069.dat,2026-03,Img,3111af39b9d3e2602b3975f5f7ad9069.dat,79700,2026-09-11T05:19:56
2026-03/Img/32885ed1dd0783300075d4ce5d4214e6_t.dat,2026-03,Img,32885ed1dd0783300075d4ce5d4214e6_t.dat,4989,2026-09-11T05:19:56
2026-03/Img/33d373b163a5fe34f8e8462782166651.dat,2026-03,Img,33d373b163a5fe34f8e8462782166651.dat,11667,2026-09-11T05:19:56
2026-03/Img/33d373b163a5fe34f8e8462782166651_h.dat,2026-03,Img,33d373b163a5fe34f8e8462782166651_h.dat,11667,2026-09-11T05:19:56
2026-03/Img/376d61a3f4d243a6a7789a206c6a07cf_h.dat,2026-03,Img,376d61a3f4d243a6a7789a206c6a07cf_h.dat,315201,2026-09-11T05:19:56
2026-03/Img/3da26ecd9fbf92147c65ce2a4d671220_h.dat,2026-03,Img,3da26ecd9fbf92147c65ce2a4d671220_h.dat,40712,2026-09-11T05:19:56
2026-03/Img/3e21882750794028c18ba8fb1a3166d2.dat,2026-03,Img,3e21882750794028c18ba8fb1a3166d2.dat,44857,2026-09-11T05:19:56
2026-03/Img/3e78b2f9b11f28a816de003e7328a7e9.dat,2026-03,Img,3e78b2f9b11f28a816de003e7328a7e9.dat,118137,2026-09-11T05:19:56
2026-03/Img/3f2c30fa948132aade10f35fcfffb0ad.dat,2026-03,Img,3f2c30fa948132aade10f35fcfffb0ad.dat,64916,2026-09-11T05:19:56
2026-03/Img/40a99e78572ed89dca42df5d2a9c3a08.dat,2026-03,Img,40a99e78572ed89dca42df5d2a9c3a08.dat,61714,2026-09-11T05:19:56
2026-03/Img/42e8c6e3c7233a986c7a6766446a29bb_h.dat,2026-03,Img,42e8c6e3c7233a986c7a6766446a29bb_h.dat,213590,2026-09-11T05:19:56
2026-03/Img/450f5d1801bc2c6a6345b1daa544d8d3.dat,2026-03,Img,450f5d1801bc2c6a6345b1daa544d8d3.dat,31565,2026-09-11T05:19:56
2026-03/Img/496ba7320ec7ad6158044d6a02b77239_t.dat,2026-03,Img,496ba7320ec7ad6158044d6a02b77239_t.dat,3704,2026-09-11T05:19:56
2026-03/Img/49c9472230f5231193898f1a636e4a03_t.dat,2026-03,Img,49c9472230f5231193898f1a636e4a03_t.dat,3143,2026-09-11T05:19:56
2026-03/Img/4ae2392bfdf8e7501dd12e6334a287d2.dat,2026-03,Img,4ae2392bfdf8e7501dd12e6334a287d2.dat,234786,2026-09-11T05:19:56
2026-03/Img/4ae2392bfdf8e7501dd12e6334a287d2_t.dat,2026-03,Img,4ae2392bfdf8e7501dd12e6334a287d2_t.dat,5214,2026-09-11T05:19:56
2026-03/Img/4b2bfa3728817a8e889719496a5713c1_t.dat,2026-03,Img,4b2bfa3728817a8e889719496a5713c1_t.dat,6354,2026-09-11T05:19:56
2026-03/Img/4e2a06c62891ab643e30b4ef4d25bf21_t.dat,2026-03,Img,4e2a06c62891ab643e30b4ef4d25bf21_t.dat,3651,2026-09-11T05:19:56
2026-03/Img/4f3d9447b25aa98d0d25d96779fb27f9_h.dat,2026-03,Img,4f3d9447b25aa98d0d25d96779fb27f9_h.dat,739553,2026-09-11T05:19:56
2026-03/Img/542e9e4678d1bf1f984aea2a7c2aa568.dat,2026-03,Img,542e9e4678d1bf1f984aea2a7c2aa568.dat,70839,2026-09-11T05:19:56
2026-03/Img/5674cd1cd5d23328ba7b77c8f31e246a_t.dat,2026-03,Img,5674cd1cd5d23328ba7b77c8f31e246a_t.dat,3289,2026-09-11T05:19:56
2026-03/Img/5b573b6121235ef46cea237d7e087279_t.dat,2026-03,Img,5b573b6121235ef46cea237d7e087279_t.dat,1871,2026-09-11T05:19:56
2026-03/Img/5b620b050331c1e9dae5d3a758c8ea66_t.dat,2026-03,Img,5b620b050331c1e9dae5d3a758c8ea66_t.dat,2583,2026-09-11T05:19:56
2026-03/Img/5d7440d821ab0fa948ea5267659173d2_t.dat,2026-03,Img,5d7440d821ab0fa948ea5267659173d2_t.dat,5200,2026-09-11T05:19:56
2026-03/Img/5e9198683ff6eb3df0bb236b64abc725.dat,2026-03,Img,5e9198683ff6eb3df0bb236b64abc725.dat,100061,2026-09-11T05:19:56
2026-03/Img/605b391a3285e0205574b149a2fe4a21_t.dat,2026-03,Img,605b391a3285e0205574b149a2fe4a21_t.dat,4206,2026-09-11T05:19:56
2026-03/Img/614b8afaa165a734bd835a06033cab44_t.dat,2026-03,Img,614b8afaa165a734bd835a06033cab44_t.dat,4408,2026-09-11T05:19:56
2026-03/Img/66ba6d4e17e265e1d80fa022ca398b35.dat,2026-03,Img,66ba6d4e17e265e1d80fa022ca398b35.dat,75395,2026-09-11T05:19:56
2026-03/Img/6a45f6305f39784c891864eee5d0dc0e.dat,2026-03,Img,6a45f6305f39784c891864eee5d0dc0e.dat,44256,2026-09-11T05:19:56
2026-03/Img/6a45f6305f39784c891864eee5d0dc0e_t.dat,2026-03,Img,6a45f6305f39784c891864eee5d0dc0e_t.dat,4844,2026-09-11T05:19:56
2026-03/Img/6c8e7fe5f52570dbed0d7adfc7f97eb1_t.dat,2026-03,Img,6c8e7fe5f52570dbed0d7adfc7f97eb1_t.dat,4721,2026-09-11T05:19:56
2026-03/Img/6c8e9457328f4b70ef13837afa780a77.dat,2026-03,Img,6c8e9457328f4b70ef13837afa780a77.dat,2632,2026-09-11T05:19:56
2026-03/Img/70aa45dab663b4389b480622f105a034_t.dat,2026-03,Img,70aa45dab663b4389b480622f105a034_t.dat,10431,2026-09-11T05:19:56
2026-03/Img/726d70d52189f2eb1ad86fd5166e7e2b_t.dat,2026-03,Img,726d70d52189f2eb1ad86fd5166e7e2b_t.dat,4489,2026-09-11T05:19:56
2026-03/Img/7308b29c6f6392d431719fbfb9645ce3_t.dat,2026-03,Img,7308b29c6f6392d431719fbfb9645ce3_t.dat,4972,2026-09-11T05:19:56
2026-03/Img/7574160b765c94018155708d8a049db6_t.dat,2026-03,Img,7574160b765c94018155708d8a049db6_t.dat,3969,2026-09-11T05:19:56
2026-03/Img/77c73f979d8c0ffd121db624ff0063b4.dat,2026-03,Img,77c73f979d8c0ffd121db624ff0063b4.dat,22794,2026-09-11T05:19:56
2026-03/Img/7e1e6f8637444b3a605c20fec4963c31_t.dat,2026-03,Img,7e1e6f8637444b3a605c20fec4963c31_t.dat,4884,2026-09-11T05:19:56
2026-03/Img/7eddbf21946749f3ff61894ba224aaaf.dat,2026-03,Img,7eddbf21946749f3ff61894ba224aaaf.dat,35539,2026-09-11T05:19:56
2026-03/Img/80395297f19ca3553cb69c8bb05bc561_t.dat,2026-03,Img,80395297f19ca3553cb69c8bb05bc561_t.dat,4281,2026-09-11T05:19:56
2026-03/Img/843bb932257bedd7eac1b9a307889654.dat,2026-03,Img,843bb932257bedd7eac1b9a307889654.dat,51638,2026-09-11T05:19:56
2026-03/Img/8a46ae952452aa3a7efede40ff690ba5_t.dat,2026-03,Img,8a46ae952452aa3a7efede40ff690ba5_t.dat,3560,2026-09-11T05:19:56
2026-03/Img/8d2e6497bdc1dfe4082c3241792af880_t.dat,2026-03,Img,8d2e6497bdc1dfe4082c3241792af880_t.dat,12878,2026-09-11T05:19:56
2026-03/Img/8e2868da5da5e9461f07f8161e4140b0.dat,2026-03,Img,8e2868da5da5e9461f07f8161e4140b0.dat,16458,2026-09-11T05:19:56
2026-03/Img/8e2868da5da5e9461f07f8161e4140b0_t.dat,2026-03,Img,8e2868da5da5e9461f07f8161e4140b0_t.dat,1454,2026-09-11T05:19:56
2026-03/Img/8e6651849dcd05a03e5f0d75cb893af1.dat,2026-03,Img,8e6651849dcd05a03e5f0d75cb893af1.dat,8750,2026-09-11T05:19:56
2026-03/Img/8e6651849dcd05a03e5f0d75cb893af1_h.dat,2026-03,Img,8e6651849dcd05a03e5f0d75cb893af1_h.dat,135687,2026-09-11T05:19:56
2026-03/Img/8e74ddda6c4c9b6f25aab33647d1ea81_t.dat,2026-03,Img,8e74ddda6c4c9b6f25aab33647d1ea81_t.dat,4462,2026-09-11T05:19:56
2026-03/Img/8f9422f1cde45ed40103711e2048a196.dat,2026-03,Img,8f9422f1cde45ed40103711e2048a196.dat,138392,2026-09-11T05:19:56
2026-03/Img/909bc8ad5a398942d46f49d8538a52fb_t.dat,2026-03,Img,909bc8ad5a398942d46f49d8538a52fb_t.dat,4959,2026-09-11T05:19:56
2026-03/Img/9391c0ec7c3cb248db4202c86df312ad.dat,2026-03,Img,9391c0ec7c3cb248db4202c86df312ad.dat,51448,2026-09-11T05:19:56
2026-03/Img/9391c0ec7c3cb248db4202c86df312ad_h.dat,2026-03,Img,9391c0ec7c3cb248db4202c86df312ad_h.dat,51448,2026-09-11T05:19:56
2026-03/Img/96114b01d502806c5e8e7b2f8ad15ed3.dat,2026-03,Img,96114b01d502806c5e8e7b2f8ad15ed3.dat,77176,2026-09-11T05:19:56
2026-03/Img/99d501d9328607f33ec757d70661291f_h.dat,2026-03,Img,99d501d9328607f33ec757d70661291f_h.dat,163183,2026-09-11T05:19:56
2026-03/Img/9d8eb10de8269d286591304307c378cc.dat,2026-03,Img,9d8eb10de8269d286591304307c378cc.dat,122959,2026-09-11T05:19:56
2026-03/Img/a04a1fd07c5dda9c044ffe9a3af14e23.dat,2026-03,Img,a04a1fd07c5dda9c044ffe9a3af14e23.dat,69587,2026-09-11T05:19:56
2026-03/Img/a04a1fd07c5dda9c044ffe9a3af14e23_t.dat,2026-03,Img,a04a1fd07c5dda9c044ffe9a3af14e23_t.dat,9900,2026-09-11T05:19:56
2026-03/Img/a0d918ea40a57ef4144175f69d550b5e.dat,2026-03,Img,a0d918ea40a57ef4144175f69d550b5e.dat,191022,2026-09-11T05:19:56
2026-03/Img/a2fd4484191dff116f6907538a4f9214.dat,2026-03,Img,a2fd4484191dff116f6907538a4f9214.dat,2632,2026-09-11T05:19:56
2026-03/Img/a6084dc3d1503f881fd533dba35be0ae_t.dat,2026-03,Img,a6084dc3d1503f881fd533dba35be0ae_t.dat,6807,2026-09-11T05:19:56
2026-03/Img/a879bc1856a50b62c51be7c50d4d75db_t.dat,2026-03,Img,a879bc1856a50b62c51be7c50d4d75db_t.dat,6988,2026-09-11T05:19:56
2026-03/Img/aa44fc5b0a7c6327e43d3007dce49abb_t.dat,2026-03,Img,aa44fc5b0a7c6327e43d3007dce49abb_t.dat,2164,2026-09-11T05:19:56
2026-03/Img/af891fd2c6f29a94062c5e05f4e1a33c.dat,2026-03,Img,af891fd2c6f29a94062c5e05f4e1a33c.dat,30651,2026-09-11T05:19:56
2026-03/Img/af9dcbfd265b033fecb7f5305993f5bb_t.dat,2026-03,Img,af9dcbfd265b033fecb7f5305993f5bb_t.dat,8940,2026-09-11T05:19:56
2026-03/Img/b35907cee64c4b50b4820b9d0f42a0de.dat,2026-03,Img,b35907cee64c4b50b4820b9d0f42a0de.dat,233227,2026-09-11T05:19:56
2026-03/Img/b35907cee64c4b50b4820b9d0f42a0de_t.dat,2026-03,Img,b35907cee64c4b50b4820b9d0f42a0de_t.dat,4936,2026-09-11T05:19:56
2026-03/Img/b388121b98fe374e3f99fa31cb66b4f2_t.dat,2026-03,Img,b388121b98fe374e3f99fa31cb66b4f2_t.dat,4686,2026-09-11T05:19:56
2026-03/Img/b7a02271af8d8379974a46f822c8da6a_t.dat,2026-03,Img,b7a02271af8d8379974a46f822c8da6a_t.dat,3732,2026-09-11T05:19:56
2026-03/Img/bc529db1a3f43ada23f86a89666cd73b.dat,2026-03,Img,bc529db1a3f43ada23f86a89666cd73b.dat,29268,2026-09-11T05:19:56
2026-03/Img/bdc9f94b87c15a796e97b23bb1cb662f.dat,2026-03,Img,bdc9f94b87c15a796e97b23bb1cb662f.dat,18557,2026-09-11T05:19:56
2026-03/Img/c10561304c4739b321e353b4c6f74e1c.dat,2026-03,Img,c10561304c4739b321e353b4c6f74e1c.dat,3115,2026-09-11T05:19:56
2026-03/Img/c287bb47d5bb57d6567ee74215c016c6_h.dat,2026-03,Img,c287bb47d5bb57d6567ee74215c016c6_h.dat,17828,2026-09-11T05:19:56
2026-03/Img/c46d05eb824c83635bdab0e327ab1ee2_t.dat,2026-03,Img,c46d05eb824c83635bdab0e327ab1ee2_t.dat,3109,2026-09-11T05:19:56
2026-03/Img/c4f6d52453cb02b833ce9e5be3fa626e.dat,2026-03,Img,c4f6d52453cb02b833ce9e5be3fa626e.dat,127293,2026-09-11T05:19:56
2026-03/Img/c87fefeb56c990f661c01c7d1e90209a.dat,2026-03,Img,c87fefeb56c990f661c01c7d1e90209a.dat,94595,2026-09-11T05:19:56
2026-03/Img/c87fefeb56c990f661c01c7d1e90209a_t.dat,2026-03,Img,c87fefeb56c990f661c01c7d1e90209a_t.dat,4790,2026-09-11T05:19:56
2026-03/Img/cbd2f691906dc370f8206aabbb86c07f.dat,2026-03,Img,cbd2f691906dc370f8206aabbb86c07f.dat,46093,2026-09-11T05:19:56
2026-03/Img/cf80d345446f30eeb4cbb38450245cff_t.dat,2026-03,Img,cf80d345446f30eeb4cbb38450245cff_t.dat,15922,2026-09-11T05:19:56
2026-03/Img/d040cdff19028bb01e8d93c1ca99cba3_t.dat,2026-03,Img,d040cdff19028bb01e8d93c1ca99cba3_t.dat,5000,2026-09-11T05:19:56
2026-03/Img/d06b917c0a94cc178a4aa83d9bf4eacc.dat,2026-03,Img,d06b917c0a94cc178a4aa83d9bf4eacc.dat,10516,2026-09-11T05:19:56
2026-03/Img/d06b917c0a94cc178a4aa83d9bf4eacc_h.dat,2026-03,Img,d06b917c0a94cc178a4aa83d9bf4eacc_h.dat,193512,2026-09-11T05:19:56
2026-03/Img/d0795067be91e99451aa25b706acbb31.dat,2026-03,Img,d0795067be91e99451aa25b706acbb31.dat,44070,2026-09-11T05:19:56
2026-03/Img/d0795067be91e99451aa25b706acbb31_t.dat,2026-03,Img,d0795067be91e99451aa25b706acbb31_t.dat,10128,2026-09-11T05:19:56
2026-03/Img/d0bed4d22649f1e50e962a04ec04054e_h.dat,2026-03,Img,d0bed4d22649f1e50e962a04ec04054e_h.dat,13130836,2026-09-11T05:19:56
2026-03/Img/d1b3521c90c122bf326b89eef5c497ee.dat,2026-03,Img,d1b3521c90c122bf326b89eef5c497ee.dat,56316,2026-09-11T05:19:56
2026-03/Img/d1b3521c90c122bf326b89eef5c497ee_t.dat,2026-03,Img,d1b3521c90c122bf326b89eef5c497ee_t.dat,4288,2026-09-11T05:19:56
2026-03/Img/d9695350bc190ce77f6c5f0849f939ea_h.dat,2026-03,Img,d9695350bc190ce77f6c5f0849f939ea_h.dat,13919581,2026-09-11T05:19:56
2026-03/Img/db0869228752cae07cea9ca7a6a2f071.dat,2026-03,Img,db0869228752cae07cea9ca7a6a2f071.dat,54311,2026-09-11T05:19:56
2026-03/Img/dca37e0c6db0480780fd71cef5e02d4f_h.dat,2026-03,Img,dca37e0c6db0480780fd71cef5e02d4f_h.dat,11346,2026-09-11T05:19:56
2026-03/Img/dd72863b71f40bc58878b4e41c044df3_h.dat,2026-03,Img,dd72863b71f40bc58878b4e41c044df3_h.dat,99928,2026-09-11T05:19:56
2026-03/Img/df3ddd965573636adfa40007a0b30238_h.dat,2026-03,Img,df3ddd965573636adfa40007a0b30238_h.dat,203650,2026-09-11T05:19:56
2026-03/Img/e05746e1b7c3016dedb1b2b33336de6d.dat,2026-03,Img,e05746e1b7c3016dedb1b2b33336de6d.dat,92782,2026-09-11T05:19:56
2026-03/Img/e05746e1b7c3016dedb1b2b33336de6d_t.dat,2026-03,Img,e05746e1b7c3016dedb1b2b33336de6d_t.dat,3656,2026-09-11T05:19:56
2026-03/Img/ed2d415eb35eab63bcf5c22706d680a1_t.dat,2026-03,Img,ed2d415eb35eab63bcf5c22706d680a1_t.dat,1607,2026-09-11T05:19:56
2026-03/Img/ed60ec13ac237b4eca64e2d8d6e7441c.dat,2026-03,Img,ed60ec13ac237b4eca64e2d8d6e7441c.dat,17599,2026-09-11T05:19:56
2026-03/Img/ed60ec13ac237b4eca64e2d8d6e7441c_t.dat,2026-03,Img,ed60ec13ac237b4eca64e2d8d6e7441c_t.dat,2347,2026-09-11T05:19:56
2026-03/Img/ee2c60534eb0c22218ec3900f3bb0346.dat,2026-03,Img,ee2c60534eb0c22218ec3900f3bb0346.dat,38525,2026-09-11T05:19:56
2026-03/Img/ee3afbf881a30bb04b2189c6948d39ee_h.dat,2026-03,Img,ee3afbf881a30bb04b2189c6948d39ee_h.dat,3215851,2026-09-11T05:19:56
2026-03/Img/ee7c504dca39b37044f90ed7632ab188.dat,2026-03,Img,ee7c504dca39b37044f90ed7632ab188.dat,6727,2026-09-11T05:19:56
2026-03/Img/ee7c504dca39b37044f90ed7632ab188_h.dat,2026-03,Img,ee7c504dca39b37044f90ed7632ab188_h.dat,6727,2026-09-11T05:19:56
2026-03/Img/eec7f984313f4e5db555b0c7cc53bbbf_t.dat,2026-03,Img,eec7f984313f4e5db555b0c7cc53bbbf_t.dat,5250,2026-09-11T05:19:56
2026-03/Img/eefdf94acfd47215fff5dac1a14e153e.dat,2026-03,Img,eefdf94acfd47215fff5dac1a14e153e.dat,50479,2026-09-11T05:19:56
2026-03/Img/eefdf94acfd47215fff5dac1a14e153e_t.dat,2026-03,Img,eefdf94acfd47215fff5dac1a14e153e_t.dat,3829,2026-09-11T05:19:56
2026-03/Img/f15e12b8b9c8bb332234972c9e86c2e6.dat,2026-03,Img,f15e12b8b9c8bb332234972c9e86c2e6.dat,23326,2026-09-11T05:19:56
2026-03/Img/f15e12b8b9c8bb332234972c9e86c2e6_h.dat,2026-03,Img,f15e12b8b9c8bb332234972c9e86c2e6_h.dat,23326,2026-09-11T05:19:56
2026-03/Img/f6292aa878d65e5199403748dd1b8c59_t.dat,2026-03,Img,f6292aa878d65e5199403748dd1b8c59_t.dat,8333,2026-09-11T05:19:56
2026-03/Img/f709c1043e8da787c9204888df0c4c33_t.dat,2026-03,Img,f709c1043e8da787c9204888df0c4c33_t.dat,3193,2026-09-11T05:19:56
2026-03/Img/f93c86ea4e738265ec02cc8b8c10b193.dat,2026-03,Img,f93c86ea4e738265ec02cc8b8c10b193.dat,38039,2026-09-11T05:19:56
2026-03/Img/f96a6af72748d2156acbd32241ed1c03_h.dat,2026-03,Img,f96a6af72748d2156acbd32241ed1c03_h.dat,244104,2026-09-11T05:19:56
2026-03/Img/fa45d31033bc11e0cd87ab4d8dbb0e95_t.dat,2026-03,Img,fa45d31033bc11e0cd87ab4d8dbb0e95_t.dat,4208,2026-09-11T05:19:56
2026-03/Img/fc45fbe5ba58f7633c57599a353a930d_t.dat,2026-03,Img,fc45fbe5ba58f7633c57599a353a930d_t.dat,4236,2026-09-11T05:19:56
2026-03/Img/fd346a23fb2fdd1268fdab7b95713419_h.dat,2026-03,Img,fd346a23fb2fdd1268fdab7b95713419_h.dat,3585318,2026-09-11T05:19:56
2026-03/Img/fd39eef3a0d291c68161ac7bf995780d_h.dat,2026-03,Img,fd39eef3a0d291c68161ac7bf995780d_h.dat,30623,2026-09-11T05:19:56
2026-03/Img/fd629d756c7e1c638590c49f616b00ea_t.dat,2026-03,Img,fd629d756c7e1c638590c49f616b00ea_t.dat,8748,2026-09-11T05:19:56
2026-03/Img/fe35b672dae3111f5c8baf019ab9918f_h.dat,2026-03,Img,fe35b672dae3111f5c8baf019ab9918f_h.dat,47468,2026-09-11T05:19:56
2026-03/Img/ff1b970faa7c1352394c04df3a231227_t.dat,2026-03,Img,ff1b970faa7c1352394c04df3a231227_t.dat,8930,2026-09-11T05:19:56
2026-03/Img/01e9319fa5cf8ee1bc0c73b1ae5f01e1.dat,2026-03,Img,01e9319fa5cf8ee1bc0c73b1ae5f01e1.dat,90830,2026-09-11T05:19:57
2026-03/Img/01e9319fa5cf8ee1bc0c73b1ae5f01e1_t.dat,2026-03,Img,01e9319fa5cf8ee1bc0c73b1ae5f01e1_t.dat,2745,2026-09-11T05:19:57
2026-03/Img/028dd1d9499ada7a0e85cb9aeba4f3a2.dat,2026-03,Img,028dd1d9499ada7a0e85cb9aeba4f3a2.dat,152041,2026-09-11T05:19:57
2026-03/Img/028dd1d9499ada7a0e85cb9aeba4f3a2_t.dat,2026-03,Img,028dd1d9499ada7a0e85cb9aeba4f3a2_t.dat,15278,2026-09-11T05:19:57
2026-03/Img/03745a630eda79363626bb0981dc44ed_t.dat,2026-03,Img,03745a630eda79363626bb0981dc44ed_t.dat,3572,2026-09-11T05:19:57
2026-03/Img/038ad0f80927b4de47a05f2f9d7766cc.dat,2026-03,Img,038ad0f80927b4de47a05f2f9d7766cc.dat,27078,2026-09-11T05:19:57
2026-03/Img/038ad0f80927b4de47a05f2f9d7766cc_h.dat,2026-03,Img,038ad0f80927b4de47a05f2f9d7766cc_h.dat,284347,2026-09-11T05:19:57
2026-03/Img/038ad0f80927b4de47a05f2f9d7766cc_t.dat,2026-03,Img,038ad0f80927b4de47a05f2f9d7766cc_t.dat,3719,2026-09-11T05:19:57
2026-03/Img/03fd98f285f3c7cedabc7df9c9ab58ae.dat,2026-03,Img,03fd98f285f3c7cedabc7df9c9ab58ae.dat,101656,2026-09-11T05:19:57
2026-03/Img/03fd98f285f3c7cedabc7df9c9ab58ae_t.dat,2026-03,Img,03fd98f285f3c7cedabc7df9c9ab58ae_t.dat,4667,2026-09-11T05:19:57
2026-03/Img/052f43a64a678cb888ec85d812425502.dat,2026-03,Img,052f43a64a678cb888ec85d812425502.dat,34739,2026-09-11T05:19:57
2026-03/Img/059109effb64ded97d60ca7eb85a248b.dat,2026-03,Img,059109effb64ded97d60ca7eb85a248b.dat,51623,2026-09-11T05:19:57
2026-03/Img/059109effb64ded97d60ca7eb85a248b_h.dat,2026-03,Img,059109effb64ded97d60ca7eb85a248b_h.dat,217072,2026-09-11T05:19:57
2026-03/Img/072203f78eb60ee3c712d0ad2646e971.dat,2026-03,Img,072203f78eb60ee3c712d0ad2646e971.dat,64214,2026-09-11T05:19:57
2026-03/Img/084aaacd1c37f70a8e905bc07a718197.dat,2026-03,Img,084aaacd1c37f70a8e905bc07a718197.dat,13484,2026-09-11T05:19:57
2026-03/Img/084aaacd1c37f70a8e905bc07a718197_t.dat,2026-03,Img,084aaacd1c37f70a8e905bc07a718197_t.dat,4760,2026-09-11T05:19:57
2026-03/Img/0ea7cea10661bd9da93629c79a7a486c.dat,2026-03,Img,0ea7cea10661bd9da93629c79a7a486c.dat,105051,2026-09-11T05:19:57
2026-03/Img/0ea7cea10661bd9da93629c79a7a486c_t.dat,2026-03,Img,0ea7cea10661bd9da93629c79a7a486c_t.dat,4051,2026-09-11T05:19:57
2026-03/Img/1178c823b8489989e2f17bcf13466ab8.dat,2026-03,Img,1178c823b8489989e2f17bcf13466ab8.dat,65828,2026-09-11T05:19:57
2026-03/Img/1178c823b8489989e2f17bcf13466ab8_t.dat,2026-03,Img,1178c823b8489989e2f17bcf13466ab8_t.dat,3212,2026-09-11T05:19:57
2026-03/Img/11f22e64335ff24572e2ddc9c3f2be35_h.dat,2026-03,Img,11f22e64335ff24572e2ddc9c3f2be35_h.dat,13254530,2026-09-11T05:19:57
2026-03/Img/11f22e64335ff24572e2ddc9c3f2be35_t.dat,2026-03,Img,11f22e64335ff24572e2ddc9c3f2be35_t.dat,4727,2026-09-11T05:19:57
2026-03/Img/12b342e1e25ec03c94ed2e358326f0d0_t.dat,2026-03,Img,12b342e1e25ec03c94ed2e358326f0d0_t.dat,1623,2026-09-11T05:19:57
2026-03/Img/15c5f69ee32bb7e047d9dbf60a111bae.dat,2026-03,Img,15c5f69ee32bb7e047d9dbf60a111bae.dat,65249,2026-09-11T05:19:57
2026-03/Img/15c5f69ee32bb7e047d9dbf60a111bae_t.dat,2026-03,Img,15c5f69ee32bb7e047d9dbf60a111bae_t.dat,3907,2026-09-11T05:19:57
2026-03/Img/15d0816ef423dc25237403d6daabbfaa_h.dat,2026-03,Img,15d0816ef423dc25237403d6daabbfaa_h.dat,3719636,2026-09-11T05:19:57
2026-03/Img/16832f6f59bb2ddfb895fe81ec183858_t.dat,2026-03,Img,16832f6f59bb2ddfb895fe81ec183858_t.dat,4511,2026-09-11T05:19:57
2026-03/Img/1d2678a7fdd6a8c5c3da1ef51c9355a7_t.dat,2026-03,Img,1d2678a7fdd6a8c5c3da1ef51c9355a7_t.dat,2680,2026-09-11T05:19:57
2026-03/Img/1da5439526fcd2de8248d4179101b638.dat,2026-03,Img,1da5439526fcd2de8248d4179101b638.dat,175236,2026-09-11T05:19:57
2026-03/Img/1da5439526fcd2de8248d4179101b638_t.dat,2026-03,Img,1da5439526fcd2de8248d4179101b638_t.dat,6141,2026-09-11T05:19:57
2026-03/Img/1dca12d195e0052a97d9fb8b972475c4.dat,2026-03,Img,1dca12d195e0052a97d9fb8b972475c4.dat,1492,2026-09-11T05:19:57
2026-03/Img/1dca12d195e0052a97d9fb8b972475c4_t.dat,2026-03,Img,1dca12d195e0052a97d9fb8b972475c4_t.dat,1657,2026-09-11T05:19:57
2026-03/Img/1e076f3097cda99f9f831db493911cf2.dat,2026-03,Img,1e076f3097cda99f9f831db493911cf2.dat,9579,2026-09-11T05:19:57
2026-03/Img/2123bcfdf1261cff1d89aa61aa9db41b_h.dat,2026-03,Img,2123bcfdf1261cff1d89aa61aa9db41b_h.dat,241291,2026-09-11T05:19:57
2026-03/Img/212e97a0398ef4ef757680b7aaa84b62.dat,2026-03,Img,212e97a0398ef4ef757680b7aaa84b62.dat,27488,2026-09-11T05:19:57
2026-03/Img/212e97a0398ef4ef757680b7aaa84b62_t.dat,2026-03,Img,212e97a0398ef4ef757680b7aaa84b62_t.dat,3829,2026-09-11T05:19:57
2026-03/Img/23a8cc2aa34cb599e26315e4a8bfd05f_t.dat,2026-03,Img,23a8cc2aa34cb599e26315e4a8bfd05f_t.dat,4797,2026-09-11T05:19:57
2026-03/Img/23d412671f92e28f436a93907edefb8e_h.dat,2026-03,Img,23d412671f92e28f436a93907edefb8e_h.dat,1572429,2026-09-11T05:19:57
2026-03/Img/27176bdb6a2ba15c17022a432cc30f4a_h.dat,2026-03,Img,27176bdb6a2ba15c17022a432cc30f4a_h.dat,2567786,2026-09-11T05:19:57
2026-03/Img/27176bdb6a2ba15c17022a432cc30f4a_t.dat,2026-03,Img,27176bdb6a2ba15c17022a432cc30f4a_t.dat,4302,2026-09-11T05:19:57
2026-03/Img/2825be0c0bc163b88d3e29101e3fef1c_h.dat,2026-03,Img,2825be0c0bc163b88d3e29101e3fef1c_h.dat,746290,2026-09-11T05:19:57
2026-03/Img/2825be0c0bc163b88d3e29101e3fef1c_t.dat,2026-03,Img,2825be0c0bc163b88d3e29101e3fef1c_t.dat,6518,2026-09-11T05:19:57
2026-03/Img/29a93487fdbba886839bf31de3a9caa7.dat,2026-03,Img,29a93487fdbba886839bf31de3a9caa7.dat,109799,2026-09-11T05:19:57
2026-03/Img/2a2835d608e39f05916c6a8f09269c18.dat,2026-03,Img,2a2835d608e39f05916c6a8f09269c18.dat,26788,2026-09-11T05:19:57
2026-03/Img/2a2835d608e39f05916c6a8f09269c18_t.dat,2026-03,Img,2a2835d608e39f05916c6a8f09269c18_t.dat,4216,2026-09-11T05:19:57
2026-03/Img/2b4d8e31e280fbf1c13112322259106f.dat,2026-03,Img,2b4d8e31e280fbf1c13112322259106f.dat,65373,2026-09-11T05:19:57
2026-03/Img/2b4d8e31e280fbf1c13112322259106f_h.dat,2026-03,Img,2b4d8e31e280fbf1c13112322259106f_h.dat,326564,2026-09-11T05:19:57
2026-03/Img/2b4d8e31e280fbf1c13112322259106f_t.dat,2026-03,Img,2b4d8e31e280fbf1c13112322259106f_t.dat,6309,2026-09-11T05:19:57
2026-03/Img/2bbc1f38aa2efdeef05cc990a4e50a56.dat,2026-03,Img,2bbc1f38aa2efdeef05cc990a4e50a56.dat,90464,2026-09-11T05:19:57
2026-03/Img/2fdd0103691f80957fc14a79475b6d19.dat,2026-03,Img,2fdd0103691f80957fc14a79475b6d19.dat,9545,2026-09-11T05:19:57
2026-03/Img/3053845468f5302e2b087d4077d7cb8e_t.dat,2026-03,Img,3053845468f5302e2b087d4077d7cb8e_t.dat,5648,2026-09-11T05:19:57
2026-03/Img/3111af39b9d3e2602b3975f5f7ad9069_t.dat,2026-03,Img,3111af39b9d3e2602b3975f5f7ad9069_t.dat,7989,2026-09-11T05:19:57
2026-03/Img/32885ed1dd0783300075d4ce5d4214e6.dat,2026-03,Img,32885ed1dd0783300075d4ce5d4214e6.dat,15453,2026-09-11T05:19:57
2026-03/Img/33d373b163a5fe34f8e8462782166651_t.dat,2026-03,Img,33d373b163a5fe34f8e8462782166651_t.dat,2663,2026-09-11T05:19:57
2026-03/Img/376d61a3f4d243a6a7789a206c6a07cf.dat,2026-03,Img,376d61a3f4d243a6a7789a206c6a07cf.dat,16147,2026-09-11T05:19:57
2026-03/Img/376d61a3f4d243a6a7789a206c6a07cf_t.dat,2026-03,Img,376d61a3f4d243a6a7789a206c6a07cf_t.dat,3207,2026-09-11T05:19:57
2026-03/Img/3c9e4eabcdb044313865dfe229c3ff78.dat,2026-03,Img,3c9e4eabcdb044313865dfe229c3ff78.dat,20755,2026-09-11T05:19:57
2026-03/Img/3c9e4eabcdb044313865dfe229c3ff78_t.dat,2026-03,Img,3c9e4eabcdb044313865dfe229c3ff78_t.dat,6787,2026-09-11T05:19:57
2026-03/Img/3da26ecd9fbf92147c65ce2a4d671220.dat,2026-03,Img,3da26ecd9fbf92147c65ce2a4d671220.dat,40712,2026-09-11T05:19:57
2026-03/Img/3da26ecd9fbf92147c65ce2a4d671220_t.dat,2026-03,Img,3da26ecd9fbf92147c65ce2a4d671220_t.dat,3184,2026-09-11T05:19:57
2026-03/Img/3e21882750794028c18ba8fb1a3166d2_t.dat,2026-03,Img,3e21882750794028c18ba8fb1a3166d2_t.dat,4377,2026-09-11T05:19:57
2026-03/Img/3e78b2f9b11f28a816de003e7328a7e9_h.dat,2026-03,Img,3e78b2f9b11f28a816de003e7328a7e9_h.dat,5739928,2026-09-11T05:19:57
2026-03/Img/3e78b2f9b11f28a816de003e7328a7e9_t.dat,2026-03,Img,3e78b2f9b11f28a816de003e7328a7e9_t.dat,6501,2026-09-11T05:19:57
2026-03/Img/3f2c30fa948132aade10f35fcfffb0ad_t.dat,2026-03,Img,3f2c30fa948132aade10f35fcfffb0ad_t.dat,2662,2026-09-11T05:19:57
2026-03/Img/40a99e78572ed89dca42df5d2a9c3a08_t.dat,2026-03,Img,40a99e78572ed89dca42df5d2a9c3a08_t.dat,4222,2026-09-11T05:19:57
2026-03/Img/421b7ea818a033d3fb5daa92013c117c.dat,2026-03,Img,421b7ea818a033d3fb5daa92013c117c.dat,161778,2026-09-11T05:19:57
2026-03/Img/421b7ea818a033d3fb5daa92013c117c_t.dat,2026-03,Img,421b7ea818a033d3fb5daa92013c117c_t.dat,5147,2026-09-11T05:19:57
2026-03/Img/42e8c6e3c7233a986c7a6766446a29bb.dat,2026-03,Img,42e8c6e3c7233a986c7a6766446a29bb.dat,5540,2026-09-11T05:19:57
2026-03/Img/42e8c6e3c7233a986c7a6766446a29bb_t.dat,2026-03,Img,42e8c6e3c7233a986c7a6766446a29bb_t.dat,4195,2026-09-11T05:19:57
2026-03/Img/450f5d1801bc2c6a6345b1daa544d8d3_h.dat,2026-03,Img,450f5d1801bc2c6a6345b1daa544d8d3_h.dat,213292,2026-09-11T05:19:57
2026-03/Img/450f5d1801bc2c6a6345b1daa544d8d3_t.dat,2026-03,Img,450f5d1801bc2c6a6345b1daa544d8d3_t.dat,2403,2026-09-11T05:19:57
2026-03/Img/490518beff8b520f61c4753722167795.dat,2026-03,Img,490518beff8b520f61c4753722167795.dat,28729,2026-09-11T05:19:57
2026-03/Img/490518beff8b520f61c4753722167795_h.dat,2026-03,Img,490518beff8b520f61c4753722167795_h.dat,28729,2026-09-11T05:19:57
2026-03/Img/490518beff8b520f61c4753722167795_t.dat,2026-03,Img,490518beff8b520f61c4753722167795_t.dat,2873,2026-09-11T05:19:57
2026-03/Img/496ba7320ec7ad6158044d6a02b77239.dat,2026-03,Img,496ba7320ec7ad6158044d6a02b77239.dat,59036,2026-09-11T05:19:57
2026-03/Img/496ba7320ec7ad6158044d6a02b77239_h.dat,2026-03,Img,496ba7320ec7ad6158044d6a02b77239_h.dat,806624,2026-09-11T05:19:57
2026-03/Img/49c9472230f5231193898f1a636e4a03.dat,2026-03,Img,49c9472230f5231193898f1a636e4a03.dat,3675,2026-09-11T05:19:57
2026-03/Img/4b2bfa3728817a8e889719496a5713c1.dat,2026-03,Img,4b2bfa3728817a8e889719496a5713c1.dat,54168,2026-09-11T05:19:57
2026-03/Img/4b2bfa3728817a8e889719496a5713c1_h.dat,2026-03,Img,4b2bfa3728817a8e889719496a5713c1_h.dat,1231559,2026-09-11T05:19:57
2026-03/Img/4d441b467ca360eeed74359492d97db4.dat,2026-03,Img,4d441b467ca360eeed74359492d97db4.dat,28167,2026-09-11T05:19:57
2026-03/Img/4d441b467ca360eeed74359492d97db4_t.dat,2026-03,Img,4d441b467ca360eeed74359492d97db4_t.dat,2917,2026-09-11T05:19:57
2026-03/Img/4dd2d9a64e569723d156e359e6a2b08c.dat,2026-03,Img,4dd2d9a64e569723d156e359e6a2b08c.dat,65344,2026-09-11T05:19:57
2026-03/Img/4dd2d9a64e569723d156e359e6a2b08c_h.dat,2026-03,Img,4dd2d9a64e569723d156e359e6a2b08c_h.dat,1071570,2026-09-11T05:19:57
2026-03/Img/4dd2d9a64e569723d156e359e6a2b08c_t.dat,2026-03,Img,4dd2d9a64e569723d156e359e6a2b08c_t.dat,13760,2026-09-11T05:19:57
2026-03/Img/4e2a06c62891ab643e30b4ef4d25bf21.dat,2026-03,Img,4e2a06c62891ab643e30b4ef4d25bf21.dat,98226,2026-09-11T05:19:57
2026-03/Img/4f3d9447b25aa98d0d25d96779fb27f9.dat,2026-03,Img,4f3d9447b25aa98d0d25d96779fb27f9.dat,72218,2026-09-11T05:19:57
2026-03/Img/4f3d9447b25aa98d0d25d96779fb27f9_t.dat,2026-03,Img,4f3d9447b25aa98d0d25d96779fb27f9_t.dat,5796,2026-09-11T05:19:57
2026-03/Img/51de317221a49adf05d90c2c8613169d.dat,2026-03,Img,51de317221a49adf05d90c2c8613169d.dat,19974,2026-09-11T05:19:57
2026-03/Img/51de317221a49adf05d90c2c8613169d_t.dat,2026-03,Img,51de317221a49adf05d90c2c8613169d_t.dat,10106,2026-09-11T05:19:57
2026-03/Img/542e9e4678d1bf1f984aea2a7c2aa568_t.dat,2026-03,Img,542e9e4678d1bf1f984aea2a7c2aa568_t.dat,3836,2026-09-11T05:19:57
2026-03/Img/5674cd1cd5d23328ba7b77c8f31e246a.dat,2026-03,Img,5674cd1cd5d23328ba7b77c8f31e246a.dat,28914,2026-09-11T05:19:57
2026-03/Img/5674cd1cd5d23328ba7b77c8f31e246a_h.dat,2026-03,Img,5674cd1cd5d23328ba7b77c8f31e246a_h.dat,254435,2026-09-11T05:19:57
2026-03/Img/5b573b6121235ef46cea237d7e087279.dat,2026-03,Img,5b573b6121235ef46cea237d7e087279.dat,8079,2026-09-11T05:19:57
2026-03/Img/5b620b050331c1e9dae5d3a758c8ea66.dat,2026-03,Img,5b620b050331c1e9dae5d3a758c8ea66.dat,128505,2026-09-11T05:19:57
2026-03/Img/5d7440d821ab0fa948ea5267659173d2.dat,2026-03,Img,5d7440d821ab0fa948ea5267659173d2.dat,17199,2026-09-11T05:19:57
2026-03/Img/5e9198683ff6eb3df0bb236b64abc725_t.dat,2026-03,Img,5e9198683ff6eb3df0bb236b64abc725_t.dat,3800,2026-09-11T05:19:57
2026-03/Img/5f58823c5349d0b3039c08ddac5fc3e0.dat,2026-03,Img,5f58823c5349d0b3039c08ddac5fc3e0.dat,71095,2026-09-11T05:19:57
2026-03/Img/5f58823c5349d0b3039c08ddac5fc3e0_t.dat,2026-03,Img,5f58823c5349d0b3039c08ddac5fc3e0_t.dat,4551,2026-09-11T05:19:57
2026-03/Img/605b391a3285e0205574b149a2fe4a21.dat,2026-03,Img,605b391a3285e0205574b149a2fe4a21.dat,18378,2026-09-11T05:19:57
2026-03/Img/614b8afaa165a734bd835a06033cab44.dat,2026-03,Img,614b8afaa165a734bd835a06033cab44.dat,58355,2026-09-11T05:19:57
2026-03/Img/614b8afaa165a734bd835a06033cab44_h.dat,2026-03,Img,614b8afaa165a734bd835a06033cab44_h.dat,58355,2026-09-11T05:19:57
2026-03/Img/65d7cb58ba06c2f047c571cb8e59e44e.dat,2026-03,Img,65d7cb58ba06c2f047c571cb8e59e44e.dat,35539,2026-09-11T05:19:57
2026-03/Img/65d7cb58ba06c2f047c571cb8e59e44e_h.dat,2026-03,Img,65d7cb58ba06c2f047c571cb8e59e44e_h.dat,2282099,2026-09-11T05:19:57
2026-03/Img/65d7cb58ba06c2f047c571cb8e59e44e_t.dat,2026-03,Img,65d7cb58ba06c2f047c571cb8e59e44e_t.dat,4757,2026-09-11T05:19:57
2026-03/Img/66ba6d4e17e265e1d80fa022ca398b35_t.dat,2026-03,Img,66ba6d4e17e265e1d80fa022ca398b35_t.dat,8507,2026-09-11T05:19:57
2026-03/Img/6a45f6305f39784c891864eee5d0dc0e_h.dat,2026-03,Img,6a45f6305f39784c891864eee5d0dc0e_h.dat,682830,2026-09-11T05:19:57
2026-03/Img/6c8e7fe5f52570dbed0d7adfc7f97eb1.dat,2026-03,Img,6c8e7fe5f52570dbed0d7adfc7f97eb1.dat,84384,2026-09-11T05:19:57
2026-03/Img/6c8e7fe5f52570dbed0d7adfc7f97eb1_h.dat,2026-03,Img,6c8e7fe5f52570dbed0d7adfc7f97eb1_h.dat,1123269,2026-09-11T05:19:57
2026-03/Img/6c8e9457328f4b70ef13837afa780a77_h.dat,2026-03,Img,6c8e9457328f4b70ef13837afa780a77_h.dat,2632,2026-09-11T05:19:57
2026-03/Img/6c8e9457328f4b70ef13837afa780a77_t.dat,2026-03,Img,6c8e9457328f4b70ef13837afa780a77_t.dat,2090,2026-09-11T05:19:57
2026-03/Img/70aa45dab663b4389b480622f105a034.dat,2026-03,Img,70aa45dab663b4389b480622f105a034.dat,916824,2026-09-11T05:19:57
2026-03/Img/726d70d52189f2eb1ad86fd5166e7e2b.dat,2026-03,Img,726d70d52189f2eb1ad86fd5166e7e2b.dat,53561,2026-09-11T05:19:57
2026-03/Img/7308b29c6f6392d431719fbfb9645ce3.dat,2026-03,Img,7308b29c6f6392d431719fbfb9645ce3.dat,122950,2026-09-11T05:19:57
2026-03/Img/7574160b765c94018155708d8a049db6.dat,2026-03,Img,7574160b765c94018155708d8a049db6.dat,39031,2026-09-11T05:19:57
2026-03/Img/7574160b765c94018155708d8a049db6_h.dat,2026-03,Img,7574160b765c94018155708d8a049db6_h.dat,2222014,2026-09-11T05:19:57
2026-03/Img/76039a82c77b999b6948e209e7d04735.dat,2026-03,Img,76039a82c77b999b6948e209e7d04735.dat,29961,2026-09-11T05:19:57
2026-03/Img/76039a82c77b999b6948e209e7d04735_t.dat,2026-03,Img,76039a82c77b999b6948e209e7d04735_t.dat,4354,2026-09-11T05:19:57
2026-03/Img/77c73f979d8c0ffd121db624ff0063b4_t.dat,2026-03,Img,77c73f979d8c0ffd121db624ff0063b4_t.dat,5428,2026-09-11T05:19:57
2026-03/Img/7c6704f26939d2572b22948dd8c0b6fa.dat,2026-03,Img,7c6704f26939d2572b22948dd8c0b6fa.dat,52100,2026-09-11T05:19:57
2026-03/Img/7c6704f26939d2572b22948dd8c0b6fa_t.dat,2026-03,Img,7c6704f26939d2572b22948dd8c0b6fa_t.dat,3813,2026-09-11T05:19:57
2026-03/Img/7e1e6f8637444b3a605c20fec4963c31.dat,2026-03,Img,7e1e6f8637444b3a605c20fec4963c31.dat,50417,2026-09-11T05:19:57
2026-03/Img/7e1e6f8637444b3a605c20fec4963c31_h.dat,2026-03,Img,7e1e6f8637444b3a605c20fec4963c31_h.dat,4847312,2026-09-11T05:19:57
2026-03/Img/7eddbf21946749f3ff61894ba224aaaf_t.dat,2026-03,Img,7eddbf21946749f3ff61894ba224aaaf_t.dat,4757,2026-09-11T05:19:57
2026-03/Img/80395297f19ca3553cb69c8bb05bc561.dat,2026-03,Img,80395297f19ca3553cb69c8bb05bc561.dat,48350,2026-09-11T05:19:57
2026-03/Img/80395297f19ca3553cb69c8bb05bc561_h.dat,2026-03,Img,80395297f19ca3553cb69c8bb05bc561_h.dat,205111,2026-09-11T05:19:57
2026-03/Img/843bb932257bedd7eac1b9a307889654_t.dat,2026-03,Img,843bb932257bedd7eac1b9a307889654_t.dat,2812,2026-09-11T05:19:57
2026-03/Img/8a46ae952452aa3a7efede40ff690ba5.dat,2026-03,Img,8a46ae952452aa3a7efede40ff690ba5.dat,39825,2026-09-11T05:19:57
2026-03/Img/8d2e6497bdc1dfe4082c3241792af880.dat,2026-03,Img,8d2e6497bdc1dfe4082c3241792af880.dat,456385,2026-09-11T05:19:57
2026-03/Img/8d6b07426b5efeb8e8ff1d0de74bea9c.dat,2026-03,Img,8d6b07426b5efeb8e8ff1d0de74bea9c.dat,48044,2026-09-11T05:19:57
2026-03/Img/8d6b07426b5efeb8e8ff1d0de74bea9c_t.dat,2026-03,Img,8d6b07426b5efeb8e8ff1d0de74bea9c_t.dat,6677,2026-09-11T05:19:57
2026-03/Img/8e6651849dcd05a03e5f0d75cb893af1_t.dat,2026-03,Img,8e6651849dcd05a03e5f0d75cb893af1_t.dat,3456,2026-09-11T05:19:57
2026-03/Img/8e74ddda6c4c9b6f25aab33647d1ea81.dat,2026-03,Img,8e74ddda6c4c9b6f25aab33647d1ea81.dat,75257,2026-09-11T05:19:57
2026-03/Img/8eef8cfef7ebb14e980fad511c447769.dat,2026-03,Img,8eef8cfef7ebb14e980fad511c447769.dat,44422,2026-09-11T05:19:57
2026-03/Img/8eef8cfef7ebb14e980fad511c447769_t.dat,2026-03,Img,8eef8cfef7ebb14e980fad511c447769_t.dat,7383,2026-09-11T05:19:57
2026-03/Img/8f9422f1cde45ed40103711e2048a196_t.dat,2026-03,Img,8f9422f1cde45ed40103711e2048a196_t.dat,16676,2026-09-11T05:19:57
2026-03/Img/909bc8ad5a398942d46f49d8538a52fb.dat,2026-03,Img,909bc8ad5a398942d46f49d8538a52fb.dat,51305,2026-09-11T05:19:57
2026-03/Img/909bc8ad5a398942d46f49d8538a52fb_h.dat,2026-03,Img,909bc8ad5a398942d46f49d8538a52fb_h.dat,3213288,2026-09-11T05:19:57
2026-03/Img/9391c0ec7c3cb248db4202c86df312ad_t.dat,2026-03,Img,9391c0ec7c3cb248db4202c86df312ad_t.dat,4210,2026-09-11T05:19:57
2026-03/Img/96114b01d502806c5e8e7b2f8ad15ed3_h.dat,2026-03,Img,96114b01d502806c5e8e7b2f8ad15ed3_h.dat,1345644,2026-09-11T05:19:57
2026-03/Img/96114b01d502806c5e8e7b2f8ad15ed3_t.dat,2026-03,Img,96114b01d502806c5e8e7b2f8ad15ed3_t.dat,6311,2026-09-11T05:19:57
2026-03/Img/99d501d9328607f33ec757d70661291f.dat,2026-03,Img,99d501d9328607f33ec757d70661291f.dat,65289,2026-09-11T05:19:57
2026-03/Img/99d501d9328607f33ec757d70661291f_t.dat,2026-03,Img,99d501d9328607f33ec757d70661291f_t.dat,4709,2026-09-11T05:19:57
2026-03/Img/9d8eb10de8269d286591304307c378cc_t.dat,2026-03,Img,9d8eb10de8269d286591304307c378cc_t.dat,3944,2026-09-11T05:19:57
2026-03/Img/a0d918ea40a57ef4144175f69d550b5e_h.dat,2026-03,Img,a0d918ea40a57ef4144175f69d550b5e_h.dat,65270295,2026-09-11T05:19:57
2026-03/Img/a0d918ea40a57ef4144175f69d550b5e_t.dat,2026-03,Img,a0d918ea40a57ef4144175f69d550b5e_t.dat,4790,2026-09-11T05:19:57
2026-03/Img/a2fd4484191dff116f6907538a4f9214_h.dat,2026-03,Img,a2fd4484191dff116f6907538a4f9214_h.dat,2632,2026-09-11T05:19:57
2026-03/Img/a2fd4484191dff116f6907538a4f9214_t.dat,2026-03,Img,a2fd4484191dff116f6907538a4f9214_t.dat,2090,2026-09-11T05:19:57
2026-03/Img/a6084dc3d1503f881fd533dba35be0ae.dat,2026-03,Img,a6084dc3d1503f881fd533dba35be0ae.dat,63719,2026-09-11T05:19:57
2026-03/Img/a6084dc3d1503f881fd533dba35be0ae_h.dat,2026-03,Img,a6084dc3d1503f881fd533dba35be0ae_h.dat,2098470,2026-09-11T05:19:57
2026-03/Img/a7d739867492dbc60bdc3978c2eaacc4_t.dat,2026-03,Img,a7d739867492dbc60bdc3978c2eaacc4_t.dat,3903,2026-09-11T05:19:57
2026-03/Img/a879bc1856a50b62c51be7c50d4d75db.dat,2026-03,Img,a879bc1856a50b62c51be7c50d4d75db.dat,156308,2026-09-11T05:19:57
2026-03/Img/aa44fc5b0a7c6327e43d3007dce49abb.dat,2026-03,Img,aa44fc5b0a7c6327e43d3007dce49abb.dat,30997,2026-09-11T05:19:57
2026-03/Img/aa44fc5b0a7c6327e43d3007dce49abb_h.dat,2026-03,Img,aa44fc5b0a7c6327e43d3007dce49abb_h.dat,30997,2026-09-11T05:19:57
2026-03/Img/af807ad44456e6122e15ed93b1435034.dat,2026-03,Img,af807ad44456e6122e15ed93b1435034.dat,25732,2026-09-11T05:19:57
2026-03/Img/af807ad44456e6122e15ed93b1435034_h.dat,2026-03,Img,af807ad44456e6122e15ed93b1435034_h.dat,344176,2026-09-11T05:19:57
2026-03/Img/af807ad44456e6122e15ed93b1435034_t.dat,2026-03,Img,af807ad44456e6122e15ed93b1435034_t.dat,4468,2026-09-11T05:19:57
2026-03/Img/af891fd2c6f29a94062c5e05f4e1a33c_h.dat,2026-03,Img,af891fd2c6f29a94062c5e05f4e1a33c_h.dat,30651,2026-09-11T05:19:57
2026-03/Img/af891fd2c6f29a94062c5e05f4e1a33c_t.dat,2026-03,Img,af891fd2c6f29a94062c5e05f4e1a33c_t.dat,2317,2026-09-11T05:19:57
2026-03/Img/b30527bd7c79393008eee9aeb1572b86.dat,2026-03,Img,b30527bd7c79393008eee9aeb1572b86.dat,140649,2026-09-11T05:19:57
2026-03/Img/b30527bd7c79393008eee9aeb1572b86_t.dat,2026-03,Img,b30527bd7c79393008eee9aeb1572b86_t.dat,11679,2026-09-11T05:19:57
2026-03/Img/b388121b98fe374e3f99fa31cb66b4f2.dat,2026-03,Img,b388121b98fe374e3f99fa31cb66b4f2.dat,90553,2026-09-11T05:19:57
2026-03/Img/b388121b98fe374e3f99fa31cb66b4f2_h.dat,2026-03,Img,b388121b98fe374e3f99fa31cb66b4f2_h.dat,8952174,2026-09-11T05:19:57
2026-03/Img/bc529db1a3f43ada23f86a89666cd73b_t.dat,2026-03,Img,bc529db1a3f43ada23f86a89666cd73b_t.dat,2613,2026-09-11T05:19:57
2026-03/Img/bdc9f94b87c15a796e97b23bb1cb662f_t.dat,2026-03,Img,bdc9f94b87c15a796e97b23bb1cb662f_t.dat,6405,2026-09-11T05:19:57
2026-03/Img/bfb1c8063378fcdac7c91b2e7744be2b.dat,2026-03,Img,bfb1c8063378fcdac7c91b2e7744be2b.dat,66859,2026-09-11T05:19:57
2026-03/Img/bfb1c8063378fcdac7c91b2e7744be2b_h.dat,2026-03,Img,bfb1c8063378fcdac7c91b2e7744be2b_h.dat,924123,2026-09-11T05:19:57
2026-03/Img/bfb1c8063378fcdac7c91b2e7744be2b_t.dat,2026-03,Img,bfb1c8063378fcdac7c91b2e7744be2b_t.dat,3533,2026-09-11T05:19:57
2026-03/Img/c10561304c4739b321e353b4c6f74e1c_t.dat,2026-03,Img,c10561304c4739b321e353b4c6f74e1c_t.dat,14137,2026-09-11T05:19:57
2026-03/Img/c287bb47d5bb57d6567ee74215c016c6.dat,2026-03,Img,c287bb47d5bb57d6567ee74215c016c6.dat,17828,2026-09-11T05:19:57
2026-03/Img/c287bb47d5bb57d6567ee74215c016c6_t.dat,2026-03,Img,c287bb47d5bb57d6567ee74215c016c6_t.dat,2503,2026-09-11T05:19:57
2026-03/Img/c4282d65fa138b6cd77a14ad8d170158.dat,2026-03,Img,c4282d65fa138b6cd77a14ad8d170158.dat,39825,2026-09-11T05:19:57
2026-03/Img/c4282d65fa138b6cd77a14ad8d170158_t.dat,2026-03,Img,c4282d65fa138b6cd77a14ad8d170158_t.dat,3560,2026-09-11T05:19:57
2026-03/Img/c4f6d52453cb02b833ce9e5be3fa626e_t.dat,2026-03,Img,c4f6d52453cb02b833ce9e5be3fa626e_t.dat,4960,2026-09-11T05:19:57
2026-03/Img/c87fefeb56c990f661c01c7d1e90209a_h.dat,2026-03,Img,c87fefeb56c990f661c01c7d1e90209a_h.dat,13823353,2026-09-11T05:19:57
2026-03/Img/cbd2f691906dc370f8206aabbb86c07f_h.dat,2026-03,Img,cbd2f691906dc370f8206aabbb86c07f_h.dat,556209,2026-09-11T05:19:57
2026-03/Img/cbd2f691906dc370f8206aabbb86c07f_t.dat,2026-03,Img,cbd2f691906dc370f8206aabbb86c07f_t.dat,4293,2026-09-11T05:19:57
2026-03/Img/cdbba579071f38cd76b5f5c30c2009dd.dat,2026-03,Img,cdbba579071f38cd76b5f5c30c2009dd.dat,41229,2026-09-11T05:19:57
2026-03/Img/cdbba579071f38cd76b5f5c30c2009dd_t.dat,2026-03,Img,cdbba579071f38cd76b5f5c30c2009dd_t.dat,3405,2026-09-11T05:19:57
2026-03/Img/cf80d345446f30eeb4cbb38450245cff.dat,2026-03,Img,cf80d345446f30eeb4cbb38450245cff.dat,150914,2026-09-11T05:19:57
2026-03/Img/cf80d345446f30eeb4cbb38450245cff_h.dat,2026-03,Img,cf80d345446f30eeb4cbb38450245cff_h.dat,1558915,2026-09-11T05:19:57
2026-03/Img/d040cdff19028bb01e8d93c1ca99cba3.dat,2026-03,Img,d040cdff19028bb01e8d93c1ca99cba3.dat,62967,2026-09-11T05:19:57
2026-03/Img/d040cdff19028bb01e8d93c1ca99cba3_h.dat,2026-03,Img,d040cdff19028bb01e8d93c1ca99cba3_h.dat,549514,2026-09-11T05:19:57
2026-03/Img/d06b917c0a94cc178a4aa83d9bf4eacc_t.dat,2026-03,Img,d06b917c0a94cc178a4aa83d9bf4eacc_t.dat,3482,2026-09-11T05:19:57
2026-03/Img/d0bed4d22649f1e50e962a04ec04054e.dat,2026-03,Img,d0bed4d22649f1e50e962a04ec04054e.dat,95703,2026-09-11T05:19:57
2026-03/Img/d0bed4d22649f1e50e962a04ec04054e_t.dat,2026-03,Img,d0bed4d22649f1e50e962a04ec04054e_t.dat,4815,2026-09-11T05:19:57
2026-03/Img/d1b3521c90c122bf326b89eef5c497ee_h.dat,2026-03,Img,d1b3521c90c122bf326b89eef5c497ee_h.dat,1926939,2026-09-11T05:19:57
2026-03/Img/d1c03fd53fda89c0c1eaa5f13c0d4eb7_t.dat,2026-03,Img,d1c03fd53fda89c0c1eaa5f13c0d4eb7_t.dat,2154,2026-09-11T05:19:57
2026-03/Img/d3cc2457da0af9a48091b9eaec41cc78.dat,2026-03,Img,d3cc2457da0af9a48091b9eaec41cc78.dat,68289,2026-09-11T05:19:57
2026-03/Img/d3cc2457da0af9a48091b9eaec41cc78_t.dat,2026-03,Img,d3cc2457da0af9a48091b9eaec41cc78_t.dat,2874,2026-09-11T05:19:57
2026-03/Img/d6e25f9b4397e887dc7d32f154f224fb.dat,2026-03,Img,d6e25f9b4397e887dc7d32f154f224fb.dat,10802,2026-09-11T05:19:57
2026-03/Img/d6e25f9b4397e887dc7d32f154f224fb_t.dat,2026-03,Img,d6e25f9b4397e887dc7d32f154f224fb_t.dat,5491,2026-09-11T05:19:57
2026-03/Img/d9695350bc190ce77f6c5f0849f939ea.dat,2026-03,Img,d9695350bc190ce77f6c5f0849f939ea.dat,237364,2026-09-11T05:19:57
2026-03/Img/d9695350bc190ce77f6c5f0849f939ea_t.dat,2026-03,Img,d9695350bc190ce77f6c5f0849f939ea_t.dat,6337,2026-09-11T05:19:57
2026-03/Img/db0869228752cae07cea9ca7a6a2f071_t.dat,2026-03,Img,db0869228752cae07cea9ca7a6a2f071_t.dat,3668,2026-09-11T05:19:57
2026-03/Img/dca37e0c6db0480780fd71cef5e02d4f.dat,2026-03,Img,dca37e0c6db0480780fd71cef5e02d4f.dat,11346,2026-09-11T05:19:57
2026-03/Img/dca37e0c6db0480780fd71cef5e02d4f_t.dat,2026-03,Img,dca37e0c6db0480780fd71cef5e02d4f_t.dat,6282,2026-09-11T05:19:57
2026-03/Img/dd72863b71f40bc58878b4e41c044df3.dat,2026-03,Img,dd72863b71f40bc58878b4e41c044df3.dat,99928,2026-09-11T05:19:57
2026-03/Img/dd72863b71f40bc58878b4e41c044df3_t.dat,2026-03,Img,dd72863b71f40bc58878b4e41c044df3_t.dat,6166,2026-09-11T05:19:57
2026-03/Img/df3ddd965573636adfa40007a0b30238.dat,2026-03,Img,df3ddd965573636adfa40007a0b30238.dat,42187,2026-09-11T05:19:57
2026-03/Img/df3ddd965573636adfa40007a0b30238_t.dat,2026-03,Img,df3ddd965573636adfa40007a0b30238_t.dat,6578,2026-09-11T05:19:57
2026-03/Img/e0f911950bab19bd750a610454e0fbe2.dat,2026-03,Img,e0f911950bab19bd750a610454e0fbe2.dat,78871,2026-09-11T05:19:57
2026-03/Img/e0f911950bab19bd750a610454e0fbe2_h.dat,2026-03,Img,e0f911950bab19bd750a610454e0fbe2_h.dat,1599141,2026-09-11T05:19:57
2026-03/Img/e0f911950bab19bd750a610454e0fbe2_t.dat,2026-03,Img,e0f911950bab19bd750a610454e0fbe2_t.dat,4523,2026-09-11T05:19:57
2026-03/Img/e6fef41383f80cf1205717a8f74ca99f.dat,2026-03,Img,e6fef41383f80cf1205717a8f74ca99f.dat,218946,2026-09-11T05:19:57
2026-03/Img/e6fef41383f80cf1205717a8f74ca99f_t.dat,2026-03,Img,e6fef41383f80cf1205717a8f74ca99f_t.dat,11196,2026-09-11T05:19:57
2026-03/Img/eddbe8b9cff243a3229c59730d0f1685.dat,2026-03,Img,eddbe8b9cff243a3229c59730d0f1685.dat,170511,2026-09-11T05:19:57
2026-03/Img/eddbe8b9cff243a3229c59730d0f1685_t.dat,2026-03,Img,eddbe8b9cff243a3229c59730d0f1685_t.dat,5618,2026-09-11T05:19:57
2026-03/Img/ee2c60534eb0c22218ec3900f3bb0346_t.dat,2026-03,Img,ee2c60534eb0c22218ec3900f3bb0346_t.dat,6265,2026-09-11T05:19:57
2026-03/Img/ee3afbf881a30bb04b2189c6948d39ee.dat,2026-03,Img,ee3afbf881a30bb04b2189c6948d39ee.dat,51347,2026-09-11T05:19:57
2026-03/Img/ee3afbf881a30bb04b2189c6948d39ee_t.dat,2026-03,Img,ee3afbf881a30bb04b2189c6948d39ee_t.dat,4945,2026-09-11T05:19:57
2026-03/Img/ee7c504dca39b37044f90ed7632ab188_t.dat,2026-03,Img,ee7c504dca39b37044f90ed7632ab188_t.dat,1623,2026-09-11T05:19:57
2026-03/Img/eec7f984313f4e5db555b0c7cc53bbbf.dat,2026-03,Img,eec7f984313f4e5db555b0c7cc53bbbf.dat,123315,2026-09-11T05:19:57
2026-03/Img/eec7f984313f4e5db555b0c7cc53bbbf_h.dat,2026-03,Img,eec7f984313f4e5db555b0c7cc53bbbf_h.dat,2592056,2026-09-11T05:19:57
2026-03/Img/eefdf94acfd47215fff5dac1a14e153e_h.dat,2026-03,Img,eefdf94acfd47215fff5dac1a14e153e_h.dat,1715237,2026-09-11T05:19:57
2026-03/Img/f15e12b8b9c8bb332234972c9e86c2e6_t.dat,2026-03,Img,f15e12b8b9c8bb332234972c9e86c2e6_t.dat,2097,2026-09-11T05:19:57
2026-03/Img/f5016d9fc365f8557dc8f6532133eac8.dat,2026-03,Img,f5016d9fc365f8557dc8f6532133eac8.dat,63872,2026-09-11T05:19:57
2026-03/Img/f5016d9fc365f8557dc8f6532133eac8_t.dat,2026-03,Img,f5016d9fc365f8557dc8f6532133eac8_t.dat,4230,2026-09-11T05:19:57
2026-03/Img/f6292aa878d65e5199403748dd1b8c59.dat,2026-03,Img,f6292aa878d65e5199403748dd1b8c59.dat,89587,2026-09-11T05:19:57
2026-03/Img/f68ee82fdb519dc979bf4e7f1320b5c8.dat,2026-03,Img,f68ee82fdb519dc979bf4e7f1320b5c8.dat,49887,2026-09-11T05:19:57
2026-03/Img/f68ee82fdb519dc979bf4e7f1320b5c8_h.dat,2026-03,Img,f68ee82fdb519dc979bf4e7f1320b5c8_h.dat,3282224,2026-09-11T05:19:57
2026-03/Img/f68ee82fdb519dc979bf4e7f1320b5c8_t.dat,2026-03,Img,f68ee82fdb519dc979bf4e7f1320b5c8_t.dat,11352,2026-09-11T05:19:57
2026-03/Img/f709c1043e8da787c9204888df0c4c33.dat,2026-03,Img,f709c1043e8da787c9204888df0c4c33.dat,10539,2026-09-11T05:19:57
2026-03/Img/f8bf7740fed5d5053a23103af8e96191.dat,2026-03,Img,f8bf7740fed5d5053a23103af8e96191.dat,85085,2026-09-11T05:19:57
2026-03/Img/f8bf7740fed5d5053a23103af8e96191_t.dat,2026-03,Img,f8bf7740fed5d5053a23103af8e96191_t.dat,3588,2026-09-11T05:19:57
2026-03/Img/f93c86ea4e738265ec02cc8b8c10b193_h.dat,2026-03,Img,f93c86ea4e738265ec02cc8b8c10b193_h.dat,560333,2026-09-11T05:19:57
2026-03/Img/f93c86ea4e738265ec02cc8b8c10b193_t.dat,2026-03,Img,f93c86ea4e738265ec02cc8b8c10b193_t.dat,4732,2026-09-11T05:19:57
2026-03/Img/f967445d11ddaa8c56c740eaa9c5ca45_t.dat,2026-03,Img,f967445d11ddaa8c56c740eaa9c5ca45_t.dat,1843,2026-09-11T05:19:57
2026-03/Img/f96a6af72748d2156acbd32241ed1c03.dat,2026-03,Img,f96a6af72748d2156acbd32241ed1c03.dat,13673,2026-09-11T05:19:57
2026-03/Img/f96a6af72748d2156acbd32241ed1c03_t.dat,2026-03,Img,f96a6af72748d2156acbd32241ed1c03_t.dat,3776,2026-09-11T05:19:57
2026-03/Img/fa45d31033bc11e0cd87ab4d8dbb0e95.dat,2026-03,Img,fa45d31033bc11e0cd87ab4d8dbb0e95.dat,15181,2026-09-11T05:19:57
2026-03/Img/fa45d31033bc11e0cd87ab4d8dbb0e95_h.dat,2026-03,Img,fa45d31033bc11e0cd87ab4d8dbb0e95_h.dat,150510,2026-09-11T05:19:57
2026-03/Img/fc45fbe5ba58f7633c57599a353a930d.dat,2026-03,Img,fc45fbe5ba58f7633c57599a353a930d.dat,141598,2026-09-11T05:19:57
2026-03/Img/fc912b3b5875a9c8feb627bd8e4765a1.dat,2026-03,Img,fc912b3b5875a9c8feb627bd8e4765a1.dat,1203,2026-09-11T05:19:57
2026-03/Img/fc912b3b5875a9c8feb627bd8e4765a1_t.dat,2026-03,Img,fc912b3b5875a9c8feb627bd8e4765a1_t.dat,2945,2026-09-11T05:19:57
2026-03/Img/fd346a23fb2fdd1268fdab7b95713419.dat,2026-03,Img,fd346a23fb2fdd1268fdab7b95713419.dat,117529,2026-09-11T05:19:57
2026-03/Img/fd346a23fb2fdd1268fdab7b95713419_t.dat,2026-03,Img,fd346a23fb2fdd1268fdab7b95713419_t.dat,14967,2026-09-11T05:19:57
2026-03/Img/fd39eef3a0d291c68161ac7bf995780d.dat,2026-03,Img,fd39eef3a0d291c68161ac7bf995780d.dat,30623,2026-09-11T05:19:57
2026-03/Img/fd39eef3a0d291c68161ac7bf995780d_t.dat,2026-03,Img,fd39eef3a0d291c68161ac7bf995780d_t.dat,4352,2026-09-11T05:19:57
2026-03/Img/fd629d756c7e1c638590c49f616b00ea.dat,2026-03,Img,fd629d756c7e1c638590c49f616b00ea.dat,105156,2026-09-11T05:19:57
2026-03/Img/fe35b672dae3111f5c8baf019ab9918f.dat,2026-03,Img,fe35b672dae3111f5c8baf019ab9918f.dat,47468,2026-09-11T05:19:57
2026-03/Img/fe35b672dae3111f5c8baf019ab9918f_t.dat,2026-03,Img,fe35b672dae3111f5c8baf019ab9918f_t.dat,2843,2026-09-11T05:19:57
2026-03/Img/ff1b970faa7c1352394c04df3a231227.dat,2026-03,Img,ff1b970faa7c1352394c04df3a231227.dat,69626,2026-09-11T05:19:57
2026-03/Img/ff1b970faa7c1352394c04df3a231227_h.dat,2026-03,Img,ff1b970faa7c1352394c04df3a231227_h.dat,3942459,2026-09-11T05:19:57
2026-04/Img/001e72aab6f01edc9ac178eb6b63cbc9.dat,2026-04,Img,001e72aab6f01edc9ac178eb6b63cbc9.dat,244583,2026-09-11T05:19:57
2026-04/Img/001e72aab6f01edc9ac178eb6b63cbc9_t.dat,2026-04,Img,001e72aab6f01edc9ac178eb6b63cbc9_t.dat,15429,2026-09-11T05:19:57
2026-04/Img/01157afb6065b327562c3744129025eb.dat,2026-04,Img,01157afb6065b327562c3744129025eb.dat,76285,2026-09-11T05:19:57
2026-04/Img/01157afb6065b327562c3744129025eb_t.dat,2026-04,Img,01157afb6065b327562c3744129025eb_t.dat,3040,2026-09-11T05:19:57
2026-04/Img/0e7feb2b36d7db63cabd751d817d4941.dat,2026-04,Img,0e7feb2b36d7db63cabd751d817d4941.dat,39479,2026-09-11T05:19:57
2026-04/Img/0e7feb2b36d7db63cabd751d817d4941_t.dat,2026-04,Img,0e7feb2b36d7db63cabd751d817d4941_t.dat,4206,2026-09-11T05:19:57
2026-04/Img/11481ffab3c9b31cb9ca013ff43e9a53_t.dat,2026-04,Img,11481ffab3c9b31cb9ca013ff43e9a53_t.dat,9584,2026-09-11T05:19:57
2026-04/Img/182eebc14a0ed22dc1b7e001fcb8fee3.dat,2026-04,Img,182eebc14a0ed22dc1b7e001fcb8fee3.dat,24404,2026-09-11T05:19:57
2026-04/Img/182eebc14a0ed22dc1b7e001fcb8fee3_h.dat,2026-04,Img,182eebc14a0ed22dc1b7e001fcb8fee3_h.dat,703350,2026-09-11T05:19:57
2026-04/Img/182eebc14a0ed22dc1b7e001fcb8fee3_t.dat,2026-04,Img,182eebc14a0ed22dc1b7e001fcb8fee3_t.dat,4514,2026-09-11T05:19:57
2026-04/Img/185cfe07f63132e876b145d64ea39a76.dat,2026-04,Img,185cfe07f63132e876b145d64ea39a76.dat,10796,2026-09-11T05:19:57
2026-04/Img/185cfe07f63132e876b145d64ea39a76_t.dat,2026-04,Img,185cfe07f63132e876b145d64ea39a76_t.dat,2908,2026-09-11T05:19:57
2026-04/Img/1bea4e4df2d2140624052fca3cb1dae6.dat,2026-04,Img,1bea4e4df2d2140624052fca3cb1dae6.dat,74065,2026-09-11T05:19:57
2026-04/Img/1bea4e4df2d2140624052fca3cb1dae6_t.dat,2026-04,Img,1bea4e4df2d2140624052fca3cb1dae6_t.dat,6163,2026-09-11T05:19:57
2026-04/Img/1ed097b84b79cab4dada2a9fa4f6eae9.dat,2026-04,Img,1ed097b84b79cab4dada2a9fa4f6eae9.dat,67333,2026-09-11T05:19:57
2026-04/Img/1ed097b84b79cab4dada2a9fa4f6eae9_t.dat,2026-04,Img,1ed097b84b79cab4dada2a9fa4f6eae9_t.dat,6764,2026-09-11T05:19:57
2026-04/Img/21269a5631bef5e851896d956d89f7eb.dat,2026-04,Img,21269a5631bef5e851896d956d89f7eb.dat,12345,2026-09-11T05:19:57
2026-04/Img/21269a5631bef5e851896d956d89f7eb_t.dat,2026-04,Img,21269a5631bef5e851896d956d89f7eb_t.dat,4119,2026-09-11T05:19:57
2026-04/Img/25bf4cf8955b90c6809bf5592bf91497_t.dat,2026-04,Img,25bf4cf8955b90c6809bf5592bf91497_t.dat,8019,2026-09-11T05:19:57
2026-04/Img/27fceb073f35875128e94fc0922b6e5c.dat,2026-04,Img,27fceb073f35875128e94fc0922b6e5c.dat,121327,2026-09-11T05:19:57
2026-04/Img/27fceb073f35875128e94fc0922b6e5c_h.dat,2026-04,Img,27fceb073f35875128e94fc0922b6e5c_h.dat,27912604,2026-09-11T05:19:57
2026-04/Img/27fceb073f35875128e94fc0922b6e5c_t.dat,2026-04,Img,27fceb073f35875128e94fc0922b6e5c_t.dat,3672,2026-09-11T05:19:57
2026-04/Img/2ee502a64ae653123af4a7e50be71109_t.dat,2026-04,Img,2ee502a64ae653123af4a7e50be71109_t.dat,9046,2026-09-11T05:19:57
2026-04/Img/31957af6d51794d8c1e7713978ec9798.dat,2026-04,Img,31957af6d51794d8c1e7713978ec9798.dat,27349,2026-09-11T05:19:57
2026-04/Img/31957af6d51794d8c1e7713978ec9798_t.dat,2026-04,Img,31957af6d51794d8c1e7713978ec9798_t.dat,3423,2026-09-11T05:19:57
2026-04/Img/32221cad073390f5602662c2aacc3e18.dat,2026-04,Img,32221cad073390f5602662c2aacc3e18.dat,252334,2026-09-11T05:19:57
2026-04/Img/32221cad073390f5602662c2aacc3e18_t.dat,2026-04,Img,32221cad073390f5602662c2aacc3e18_t.dat,11592,2026-09-11T05:19:57
2026-04/Img/4588a3187de3723887727bf6144b6757.dat,2026-04,Img,4588a3187de3723887727bf6144b6757.dat,284467,2026-09-11T05:19:57
2026-04/Img/4588a3187de3723887727bf6144b6757_t.dat,2026-04,Img,4588a3187de3723887727bf6144b6757_t.dat,13827,2026-09-11T05:19:57
2026-04/Img/45ce49a52ab7235738a12560e0a79cd2_t.dat,2026-04,Img,45ce49a52ab7235738a12560e0a79cd2_t.dat,3647,2026-09-11T05:19:57
2026-04/Img/4ddbf7475c9d749090454a3922be6b19.dat,2026-04,Img,4ddbf7475c9d749090454a3922be6b19.dat,433429,2026-09-11T05:19:57
2026-04/Img/4ddbf7475c9d749090454a3922be6b19_t.dat,2026-04,Img,4ddbf7475c9d749090454a3922be6b19_t.dat,15550,2026-09-11T05:19:57
2026-04/Img/52762571969a6aae36c24f2eec76feb3.dat,2026-04,Img,52762571969a6aae36c24f2eec76feb3.dat,83672,2026-09-11T05:19:57
2026-04/Img/52762571969a6aae36c24f2eec76feb3_t.dat,2026-04,Img,52762571969a6aae36c24f2eec76feb3_t.dat,5649,2026-09-11T05:19:57
2026-04/Img/5a60d5107f85d8a8396659273881a434.dat,2026-04,Img,5a60d5107f85d8a8396659273881a434.dat,97372,2026-09-11T05:19:57
2026-04/Img/5a60d5107f85d8a8396659273881a434_t.dat,2026-04,Img,5a60d5107f85d8a8396659273881a434_t.dat,2689,2026-09-11T05:19:57
2026-04/Img/5bc93d6780128710653aa38c9bfc58b6.dat,2026-04,Img,5bc93d6780128710653aa38c9bfc58b6.dat,33063,2026-09-11T05:19:57
2026-04/Img/5bc93d6780128710653aa38c9bfc58b6_h.dat,2026-04,Img,5bc93d6780128710653aa38c9bfc58b6_h.dat,228306,2026-09-11T05:19:57
2026-04/Img/5bc93d6780128710653aa38c9bfc58b6_t.dat,2026-04,Img,5bc93d6780128710653aa38c9bfc58b6_t.dat,2196,2026-09-11T05:19:57
2026-04/Img/5d2a4afc35ac47de944d994882bbd2d4.dat,2026-04,Img,5d2a4afc35ac47de944d994882bbd2d4.dat,198549,2026-09-11T05:19:57
2026-04/Img/5d2a4afc35ac47de944d994882bbd2d4_h.dat,2026-04,Img,5d2a4afc35ac47de944d994882bbd2d4_h.dat,1966856,2026-09-11T05:19:57
2026-04/Img/5d2a4afc35ac47de944d994882bbd2d4_t.dat,2026-04,Img,5d2a4afc35ac47de944d994882bbd2d4_t.dat,14817,2026-09-11T05:19:57
2026-04/Img/60328cfc254d65e1f5025921873cfa52.dat,2026-04,Img,60328cfc254d65e1f5025921873cfa52.dat,27806,2026-09-11T05:19:57
2026-04/Img/60328cfc254d65e1f5025921873cfa52_t.dat,2026-04,Img,60328cfc254d65e1f5025921873cfa52_t.dat,2327,2026-09-11T05:19:57
2026-04/Img/622165dd2b6a225ba41218e02bf9818f.dat,2026-04,Img,622165dd2b6a225ba41218e02bf9818f.dat,127692,2026-09-11T05:19:57
2026-04/Img/622165dd2b6a225ba41218e02bf9818f_t.dat,2026-04,Img,622165dd2b6a225ba41218e02bf9818f_t.dat,14481,2026-09-11T05:19:57
2026-04/Img/664b60ccf2c65b1aeba121b8d4111093_t.dat,2026-04,Img,664b60ccf2c65b1aeba121b8d4111093_t.dat,13933,2026-09-11T05:19:57
2026-04/Img/66a4e5f03143fcefb1d975d772af0135.dat,2026-04,Img,66a4e5f03143fcefb1d975d772af0135.dat,56378,2026-09-11T05:19:57
2026-04/Img/66a4e5f03143fcefb1d975d772af0135_t.dat,2026-04,Img,66a4e5f03143fcefb1d975d772af0135_t.dat,5702,2026-09-11T05:19:57
2026-04/Img/67539f90cfdbecbc82afe1c1cdcefe58.dat,2026-04,Img,67539f90cfdbecbc82afe1c1cdcefe58.dat,73252,2026-09-11T05:19:57
2026-04/Img/67539f90cfdbecbc82afe1c1cdcefe58_t.dat,2026-04,Img,67539f90cfdbecbc82afe1c1cdcefe58_t.dat,5430,2026-09-11T05:19:57
2026-04/Img/690fe3fab1b8c66ff857734af8609387_t.dat,2026-04,Img,690fe3fab1b8c66ff857734af8609387_t.dat,3908,2026-09-11T05:19:57
2026-04/Img/69d0229bb1d448cc792f0e81e1ed9c95_t.dat,2026-04,Img,69d0229bb1d448cc792f0e81e1ed9c95_t.dat,2774,2026-09-11T05:19:57
2026-04/Img/6b28e28ace81b222ea7c6f61d37af7e1.dat,2026-04,Img,6b28e28ace81b222ea7c6f61d37af7e1.dat,45579,2026-09-11T05:19:57
2026-04/Img/6b28e28ace81b222ea7c6f61d37af7e1_t.dat,2026-04,Img,6b28e28ace81b222ea7c6f61d37af7e1_t.dat,2958,2026-09-11T05:19:57
2026-04/Img/6da3f99713f64caf61b2232857ba9841.dat,2026-04,Img,6da3f99713f64caf61b2232857ba9841.dat,29985,2026-09-11T05:19:57
2026-04/Img/6da3f99713f64caf61b2232857ba9841_t.dat,2026-04,Img,6da3f99713f64caf61b2232857ba9841_t.dat,7349,2026-09-11T05:19:57
2026-04/Img/6e4a6c62ca1e235a9790b56566d3f9d5.dat,2026-04,Img,6e4a6c62ca1e235a9790b56566d3f9d5.dat,230226,2026-09-11T05:19:57
2026-04/Img/6e4a6c62ca1e235a9790b56566d3f9d5_t.dat,2026-04,Img,6e4a6c62ca1e235a9790b56566d3f9d5_t.dat,10727,2026-09-11T05:19:57
2026-04/Img/70508e23f8bd0242087f80e51488961b.dat,2026-04,Img,70508e23f8bd0242087f80e51488961b.dat,45816,2026-09-11T05:19:57
2026-04/Img/70508e23f8bd0242087f80e51488961b_t.dat,2026-04,Img,70508e23f8bd0242087f80e51488961b_t.dat,2884,2026-09-11T05:19:57
2026-04/Img/71ee53a02aa3b5ce93fb1119286305bd_t.dat,2026-04,Img,71ee53a02aa3b5ce93fb1119286305bd_t.dat,6889,2026-09-11T05:19:57
2026-04/Img/72000bccd5d929d273f54f28c20e0c2e_t.dat,2026-04,Img,72000bccd5d929d273f54f28c20e0c2e_t.dat,2589,2026-09-11T05:19:57
2026-04/Img/73bfcdc5e3537027d24af672cfcd8222.dat,2026-04,Img,73bfcdc5e3537027d24af672cfcd8222.dat,31630,2026-09-11T05:19:57
2026-04/Img/73bfcdc5e3537027d24af672cfcd8222_t.dat,2026-04,Img,73bfcdc5e3537027d24af672cfcd8222_t.dat,4877,2026-09-11T05:19:57
2026-04/Img/73cfdcbe912f73ce634ee4395fa8557a_t.dat,2026-04,Img,73cfdcbe912f73ce634ee4395fa8557a_t.dat,3681,2026-09-11T05:19:57
2026-04/Img/74f4e63e58726f314891c370c1471732.dat,2026-04,Img,74f4e63e58726f314891c370c1471732.dat,71481,2026-09-11T05:19:57
2026-04/Img/74f4e63e58726f314891c370c1471732_t.dat,2026-04,Img,74f4e63e58726f314891c370c1471732_t.dat,3922,2026-09-11T05:19:57
2026-04/Img/79e093abeceeea8eff267dd6c3f920d2_t.dat,2026-04,Img,79e093abeceeea8eff267dd6c3f920d2_t.dat,9518,2026-09-11T05:19:57
2026-04/Img/7c43ec17b58f9cb822b1657c1132ce6e.dat,2026-04,Img,7c43ec17b58f9cb822b1657c1132ce6e.dat,178696,2026-09-11T05:19:57
2026-04/Img/7c43ec17b58f9cb822b1657c1132ce6e_h.dat,2026-04,Img,7c43ec17b58f9cb822b1657c1132ce6e_h.dat,2143882,2026-09-11T05:19:57
2026-04/Img/7c43ec17b58f9cb822b1657c1132ce6e_t.dat,2026-04,Img,7c43ec17b58f9cb822b1657c1132ce6e_t.dat,13487,2026-09-11T05:19:57
2026-04/Img/88c348ef18b28417b54ef5824da8e4c4_t.dat,2026-04,Img,88c348ef18b28417b54ef5824da8e4c4_t.dat,2396,2026-09-11T05:19:57
2026-04/Img/8c1fd251991d95c63dc1113af56cdc10.dat,2026-04,Img,8c1fd251991d95c63dc1113af56cdc10.dat,10298,2026-09-11T05:19:57
2026-04/Img/8c1fd251991d95c63dc1113af56cdc10_t.dat,2026-04,Img,8c1fd251991d95c63dc1113af56cdc10_t.dat,3192,2026-09-11T05:19:57
2026-04/Img/955bbce9d817918ec50d44740e9f3f6a.dat,2026-04,Img,955bbce9d817918ec50d44740e9f3f6a.dat,53317,2026-09-11T05:19:57
2026-04/Img/955bbce9d817918ec50d44740e9f3f6a_h.dat,2026-04,Img,955bbce9d817918ec50d44740e9f3f6a_h.dat,493799,2026-09-11T05:19:57
2026-04/Img/955bbce9d817918ec50d44740e9f3f6a_t.dat,2026-04,Img,955bbce9d817918ec50d44740e9f3f6a_t.dat,3221,2026-09-11T05:19:57
2026-04/Img/972066cdbd2c8bd330a3a678dbc2f744_t.dat,2026-04,Img,972066cdbd2c8bd330a3a678dbc2f744_t.dat,4258,2026-09-11T05:19:57
2026-04/Img/9b117b39cfeec29527866eb2a8385538.dat,2026-04,Img,9b117b39cfeec29527866eb2a8385538.dat,18942,2026-09-11T05:19:57
2026-04/Img/9b117b39cfeec29527866eb2a8385538_t.dat,2026-04,Img,9b117b39cfeec29527866eb2a8385538_t.dat,2526,2026-09-11T05:19:57
2026-04/Img/a028b8ccfc461be5c61bf38003c3cbbb_t.dat,2026-04,Img,a028b8ccfc461be5c61bf38003c3cbbb_t.dat,3990,2026-09-11T05:19:57
2026-04/Img/a79f81fad040529127aeb1ccc40c49c3.dat,2026-04,Img,a79f81fad040529127aeb1ccc40c49c3.dat,37982,2026-09-11T05:19:57
2026-04/Img/a79f81fad040529127aeb1ccc40c49c3_t.dat,2026-04,Img,a79f81fad040529127aeb1ccc40c49c3_t.dat,5016,2026-09-11T05:19:57
2026-04/Img/afce6c9b54f0105aad2e706200174aa4.dat,2026-04,Img,afce6c9b54f0105aad2e706200174aa4.dat,37445,2026-09-11T05:19:57
2026-04/Img/afce6c9b54f0105aad2e706200174aa4_t.dat,2026-04,Img,afce6c9b54f0105aad2e706200174aa4_t.dat,5212,2026-09-11T05:19:57
2026-04/Img/b0cd8eb2d5719cfa8d4e9231e719ec8b.dat,2026-04,Img,b0cd8eb2d5719cfa8d4e9231e719ec8b.dat,153763,2026-09-11T05:19:57
2026-04/Img/b0cd8eb2d5719cfa8d4e9231e719ec8b_t.dat,2026-04,Img,b0cd8eb2d5719cfa8d4e9231e719ec8b_t.dat,15562,2026-09-11T05:19:57
2026-04/Img/b5fd4dbd407640f069f9a04219fb41a1_t.dat,2026-04,Img,b5fd4dbd407640f069f9a04219fb41a1_t.dat,2943,2026-09-11T05:19:57
2026-04/Img/b7a16d68a1a8994fe867d2fbdf732231.dat,2026-04,Img,b7a16d68a1a8994fe867d2fbdf732231.dat,24940,2026-09-11T05:19:57
2026-04/Img/b7a16d68a1a8994fe867d2fbdf732231_h.dat,2026-04,Img,b7a16d68a1a8994fe867d2fbdf732231_h.dat,24940,2026-09-11T05:19:57
2026-04/Img/b7a16d68a1a8994fe867d2fbdf732231_t.dat,2026-04,Img,b7a16d68a1a8994fe867d2fbdf732231_t.dat,3466,2026-09-11T05:19:57
2026-04/Img/b7ef1e492f92a315148cc92da18ce327.dat,2026-04,Img,b7ef1e492f92a315148cc92da18ce327.dat,29651,2026-09-11T05:19:57
2026-04/Img/b7ef1e492f92a315148cc92da18ce327_t.dat,2026-04,Img,b7ef1e492f92a315148cc92da18ce327_t.dat,4668,2026-09-11T05:19:57
2026-04/Img/b850b8992f8db0692416550b5dff65ca.dat,2026-04,Img,b850b8992f8db0692416550b5dff65ca.dat,103054,2026-09-11T05:19:57
2026-04/Img/b850b8992f8db0692416550b5dff65ca_h.dat,2026-04,Img,b850b8992f8db0692416550b5dff65ca_h.dat,579311,2026-09-11T05:19:57
2026-04/Img/b850b8992f8db0692416550b5dff65ca_t.dat,2026-04,Img,b850b8992f8db0692416550b5dff65ca_t.dat,4535,2026-09-11T05:19:57
2026-04/Img/c13efed5e12b69f8a954be885faec5c9.dat,2026-04,Img,c13efed5e12b69f8a954be885faec5c9.dat,92663,2026-09-11T05:19:57
2026-04/Img/c13efed5e12b69f8a954be885faec5c9_t.dat,2026-04,Img,c13efed5e12b69f8a954be885faec5c9_t.dat,3705,2026-09-11T05:19:57
2026-04/Img/cbe30aa6caa8763607623e7d42f36407.dat,2026-04,Img,cbe30aa6caa8763607623e7d42f36407.dat,27241,2026-09-11T05:19:57
2026-04/Img/cbe30aa6caa8763607623e7d42f36407_t.dat,2026-04,Img,cbe30aa6caa8763607623e7d42f36407_t.dat,6548,2026-09-11T05:19:57
2026-04/Img/cd1b5bc4c6b9fa8063160af451eda9b0_t.dat,2026-04,Img,cd1b5bc4c6b9fa8063160af451eda9b0_t.dat,9245,2026-09-11T05:19:57
2026-04/Img/d3227b705ba2c976bf0f1ccef3b88af7.dat,2026-04,Img,d3227b705ba2c976bf0f1ccef3b88af7.dat,35942,2026-09-11T05:19:57
2026-04/Img/d3227b705ba2c976bf0f1ccef3b88af7_h.dat,2026-04,Img,d3227b705ba2c976bf0f1ccef3b88af7_h.dat,125631,2026-09-11T05:19:57
2026-04/Img/d3227b705ba2c976bf0f1ccef3b88af7_t.dat,2026-04,Img,d3227b705ba2c976bf0f1ccef3b88af7_t.dat,3535,2026-09-11T05:19:57
2026-04/Img/d499ab1fc6542ae812b184f67479ac9a.dat,2026-04,Img,d499ab1fc6542ae812b184f67479ac9a.dat,37344,2026-09-11T05:19:57
2026-04/Img/d499ab1fc6542ae812b184f67479ac9a_t.dat,2026-04,Img,d499ab1fc6542ae812b184f67479ac9a_t.dat,7300,2026-09-11T05:19:57
2026-04/Img/d8532a47f8a90750b4c63738a0b8e0ad.dat,2026-04,Img,d8532a47f8a90750b4c63738a0b8e0ad.dat,54870,2026-09-11T05:19:57
2026-04/Img/d8532a47f8a90750b4c63738a0b8e0ad_h.dat,2026-04,Img,d8532a47f8a90750b4c63738a0b8e0ad_h.dat,223928,2026-09-11T05:19:57
2026-04/Img/d8532a47f8a90750b4c63738a0b8e0ad_t.dat,2026-04,Img,d8532a47f8a90750b4c63738a0b8e0ad_t.dat,3082,2026-09-11T05:19:57
2026-04/Img/dbfcad3e7c522a7fcf46b14e6951e8a9.dat,2026-04,Img,dbfcad3e7c522a7fcf46b14e6951e8a9.dat,16674,2026-09-11T05:19:57
2026-04/Img/dbfcad3e7c522a7fcf46b14e6951e8a9_h.dat,2026-04,Img,dbfcad3e7c522a7fcf46b14e6951e8a9_h.dat,16674,2026-09-11T05:19:57
2026-04/Img/dbfcad3e7c522a7fcf46b14e6951e8a9_t.dat,2026-04,Img,dbfcad3e7c522a7fcf46b14e6951e8a9_t.dat,2861,2026-09-11T05:19:57
2026-04/Img/dc23b2f9a00bf29543fe5c9f00201ac9.dat,2026-04,Img,dc23b2f9a00bf29543fe5c9f00201ac9.dat,128974,2026-09-11T05:19:57
2026-04/Img/dc23b2f9a00bf29543fe5c9f00201ac9_t.dat,2026-04,Img,dc23b2f9a00bf29543fe5c9f00201ac9_t.dat,14042,2026-09-11T05:19:57
2026-04/Img/e5fb1961797436c0b3cf9d1e28204baa_t.dat,2026-04,Img,e5fb1961797436c0b3cf9d1e28204baa_t.dat,911,2026-09-11T05:19:57
2026-04/Img/e7a6a55b6693efcda41b6cc470b6e847.dat,2026-04,Img,e7a6a55b6693efcda41b6cc470b6e847.dat,24886,2026-09-11T05:19:57
2026-04/Img/e7a6a55b6693efcda41b6cc470b6e847_t.dat,2026-04,Img,e7a6a55b6693efcda41b6cc470b6e847_t.dat,4459,2026-09-11T05:19:57
2026-04/Img/ee2d8eaf4e49ae59ec6484537c480eb2_t.dat,2026-04,Img,ee2d8eaf4e49ae59ec6484537c480eb2_t.dat,3596,2026-09-11T05:19:57
2026-04/Img/f0952431050494139a7526ce1e755b95_t.dat,2026-04,Img,f0952431050494139a7526ce1e755b95_t.dat,3987,2026-09-11T05:19:57
2026-04/Img/f54e0b0b79ad0812ee59376d3c187091.dat,2026-04,Img,f54e0b0b79ad0812ee59376d3c187091.dat,267745,2026-09-11T05:19:57
2026-04/Img/f54e0b0b79ad0812ee59376d3c187091_h.dat,2026-04,Img,f54e0b0b79ad0812ee59376d3c187091_h.dat,3111964,2026-09-11T05:19:57
2026-04/Img/f54e0b0b79ad0812ee59376d3c187091_t.dat,2026-04,Img,f54e0b0b79ad0812ee59376d3c187091_t.dat,4177,2026-09-11T05:19:57
2026-04/Img/f572bc0fbc39d5d2225497090a888aa7_t.dat,2026-04,Img,f572bc0fbc39d5d2225497090a888aa7_t.dat,8503,2026-09-11T05:19:57
2026-04/Img/f5971f371a2261f82512d592df362793.dat,2026-04,Img,f5971f371a2261f82512d592df362793.dat,35738,2026-09-11T05:19:57
2026-04/Img/f5971f371a2261f82512d592df362793_t.dat,2026-04,Img,f5971f371a2261f82512d592df362793_t.dat,2608,2026-09-11T05:19:57
2026-04/Img/f68a81e142b555743efee5e3678c12f1.dat,2026-04,Img,f68a81e142b555743efee5e3678c12f1.dat,70441,2026-09-11T05:19:57
2026-04/Img/f68a81e142b555743efee5e3678c12f1_t.dat,2026-04,Img,f68a81e142b555743efee5e3678c12f1_t.dat,4336,2026-09-11T05:19:57
2026-04/Img/f7b377ec6d88609be014704bd8349685.dat,2026-04,Img,f7b377ec6d88609be014704bd8349685.dat,472853,2026-09-11T05:19:57
2026-04/Img/f7b377ec6d88609be014704bd8349685_t.dat,2026-04,Img,f7b377ec6d88609be014704bd8349685_t.dat,3941,2026-09-11T05:19:57
2026-04/Img/f93926dcbf9154d8172a462ab762ee74.dat,2026-04,Img,f93926dcbf9154d8172a462ab762ee74.dat,123573,2026-09-11T05:19:57
2026-04/Img/f93926dcbf9154d8172a462ab762ee74_t.dat,2026-04,Img,f93926dcbf9154d8172a462ab762ee74_t.dat,12636,2026-09-11T05:19:57
2026-04/Img/fc00031346fdf0805b28f73477aba757.dat,2026-04,Img,fc00031346fdf0805b28f73477aba757.dat,25917,2026-09-11T05:19:57
2026-04/Img/fc00031346fdf0805b28f73477aba757_t.dat,2026-04,Img,fc00031346fdf0805b28f73477aba757_t.dat,3596,2026-09-11T05:19:57
2026-04/Img/fd8faa23df50a6ad9a988bac31155e9e.dat,2026-04,Img,fd8faa23df50a6ad9a988bac31155e9e.dat,96348,2026-09-11T05:19:57
2026-04/Img/fd8faa23df50a6ad9a988bac31155e9e_t.dat,2026-04,Img,fd8faa23df50a6ad9a988bac31155e9e_t.dat,1606,2026-09-11T05:19:57
media_original/2026-01/Img/c2ee1d05ba2dbff9261d82434b448292.dat,Img,dat,c2ee1d05ba2dbff9261d82434b448292.dat,87965,2026-09-11T05:19:56
media_original/2026-01/Img/e4d0f6e9f74d7f7e2cf19c1099382c22.dat,Img,dat,e4d0f6e9f74d7f7e2cf19c1099382c22.dat,12136,2026-09-11T05:19:56
media_original/2026-01/Img/37702a9b0558672864257958ddc31c3c.dat,Img,dat,37702a9b0558672864257958ddc31c3c.dat,33301,2026-09-11T05:19:56
media_original/2026-01/Img/37702a9b0558672864257958ddc31c3c_h.dat,Img,dat,37702a9b0558672864257958ddc31c3c_h.dat,204379,2026-09-11T05:19:56
media_original/2026-01/Img/c2ee1d05ba2dbff9261d82434b448292_t.dat,Img,dat,c2ee1d05ba2dbff9261d82434b448292_t.dat,3313,2026-09-11T05:19:56
media_original/2026-01/Img/e4d0f6e9f74d7f7e2cf19c1099382c22_t.dat,Img,dat,e4d0f6e9f74d7f7e2cf19c1099382c22_t.dat,5871,2026-09-11T05:19:56
media_original/2026-01/Img/37e7825fce57aa1e246dd80c3220d715_h.dat,Img,dat,37e7825fce57aa1e246dd80c3220d715_h.dat,78433,2026-09-11T05:19:56
media_original/2026-01/Img/c2ee1d05ba2dbff9261d82434b448292_h.dat,Img,dat,c2ee1d05ba2dbff9261d82434b448292_h.dat,87965,2026-09-11T05:19:56
media_original/2026-01/Img/37e7825fce57aa1e246dd80c3220d715_t.dat,Img,dat,37e7825fce57aa1e246dd80c3220d715_t.dat,2284,2026-09-11T05:19:56
media_original/2026-01/Img/37702a9b0558672864257958ddc31c3c_t.dat,Img,dat,37702a9b0558672864257958ddc31c3c_t.dat,2298,2026-09-11T05:19:56
media_original/2026-01/Img/37e7825fce57aa1e246dd80c3220d715.dat,Img,dat,37e7825fce57aa1e246dd80c3220d715.dat,78433,2026-09-11T05:19:56
media_original/files/2026-04/screen-capture (44).webm,2026-04,webm,screen-capture (44).webm,2257529,2026-09-11T05:36:45
media_original/2026-03/Img/a04a1fd07c5dda9c044ffe9a3af14e23.dat,Img,dat,a04a1fd07c5dda9c044ffe9a3af14e23.dat,69587,2026-09-11T05:19:56
media_original/2026-03/Img/eec7f984313f4e5db555b0c7cc53bbbf_t.dat,Img,dat,eec7f984313f4e5db555b0c7cc53bbbf_t.dat,5250,2026-09-11T05:19:56
media_original/2026-03/Img/6a45f6305f39784c891864eee5d0dc0e.dat,Img,dat,6a45f6305f39784c891864eee5d0dc0e.dat,44256,2026-09-11T05:19:56
media_original/2026-03/Img/af891fd2c6f29a94062c5e05f4e1a33c.dat,Img,dat,af891fd2c6f29a94062c5e05f4e1a33c.dat,30651,2026-09-11T05:19:56
media_original/2026-03/Img/fd39eef3a0d291c68161ac7bf995780d_h.dat,Img,dat,fd39eef3a0d291c68161ac7bf995780d_h.dat,30623,2026-09-11T05:19:56
media_original/2026-03/Img/212e97a0398ef4ef757680b7aaa84b62_h.dat,Img,dat,212e97a0398ef4ef757680b7aaa84b62_h.dat,27488,2026-09-11T05:19:56
media_original/2026-03/Img/80395297f19ca3553cb69c8bb05bc561_t.dat,Img,dat,80395297f19ca3553cb69c8bb05bc561_t.dat,4281,2026-09-11T05:19:56
media_original/2026-03/Img/a0d918ea40a57ef4144175f69d550b5e.dat,Img,dat,a0d918ea40a57ef4144175f69d550b5e.dat,191022,2026-09-11T05:19:56
media_original/2026-03/Img/2a8f5fbcae370ecb98877b3ff1c1c913_t.dat,Img,dat,2a8f5fbcae370ecb98877b3ff1c1c913_t.dat,10818,2026-09-11T05:19:56
media_original/2026-03/Img/b35907cee64c4b50b4820b9d0f42a0de_t.dat,Img,dat,b35907cee64c4b50b4820b9d0f42a0de_t.dat,4936,2026-09-11T05:19:56
media_original/2026-03/Img/d0795067be91e99451aa25b706acbb31.dat,Img,dat,d0795067be91e99451aa25b706acbb31.dat,44070,2026-09-11T05:19:56
media_original/2026-03/Img/cf80d345446f30eeb4cbb38450245cff_t.dat,Img,dat,cf80d345446f30eeb4cbb38450245cff_t.dat,15922,2026-09-11T05:19:56
media_original/2026-03/Img/fd346a23fb2fdd1268fdab7b95713419_h.dat,Img,dat,fd346a23fb2fdd1268fdab7b95713419_h.dat,3585318,2026-09-11T05:19:56
media_original/2026-03/Img/1dca12d195e0052a97d9fb8b972475c4_h.dat,Img,dat,1dca12d195e0052a97d9fb8b972475c4_h.dat,1492,2026-09-11T05:19:56
media_original/2026-03/Img/d06b917c0a94cc178a4aa83d9bf4eacc_h.dat,Img,dat,d06b917c0a94cc178a4aa83d9bf4eacc_h.dat,193512,2026-09-11T05:19:56
media_original/2026-03/Img/e05746e1b7c3016dedb1b2b33336de6d.dat,Img,dat,e05746e1b7c3016dedb1b2b33336de6d.dat,92782,2026-09-11T05:19:56
media_original/2026-03/Img/a04a1fd07c5dda9c044ffe9a3af14e23_t.dat,Img,dat,a04a1fd07c5dda9c044ffe9a3af14e23_t.dat,9900,2026-09-11T05:19:56
media_original/2026-03/Img/072203f78eb60ee3c712d0ad2646e971_t.dat,Img,dat,072203f78eb60ee3c712d0ad2646e971_t.dat,6404,2026-09-11T05:19:56
media_original/2026-03/Img/ed2d415eb35eab63bcf5c22706d680a1_t.dat,Img,dat,ed2d415eb35eab63bcf5c22706d680a1_t.dat,1607,2026-09-11T05:19:56
media_original/2026-03/Img/a6084dc3d1503f881fd533dba35be0ae_t.dat,Img,dat,a6084dc3d1503f881fd533dba35be0ae_t.dat,6807,2026-09-11T05:19:56
media_original/2026-03/Img/dd72863b71f40bc58878b4e41c044df3_h.dat,Img,dat,dd72863b71f40bc58878b4e41c044df3_h.dat,99928,2026-09-11T05:19:56
media_original/2026-03/Img/1e076f3097cda99f9f831db493911cf2_t.dat,Img,dat,1e076f3097cda99f9f831db493911cf2_t.dat,2858,2026-09-11T05:19:56
media_original/2026-03/Img/605b391a3285e0205574b149a2fe4a21_t.dat,Img,dat,605b391a3285e0205574b149a2fe4a21_t.dat,4206,2026-09-11T05:19:56
media_original/2026-03/Img/c87fefeb56c990f661c01c7d1e90209a_t.dat,Img,dat,c87fefeb56c990f661c01c7d1e90209a_t.dat,4790,2026-09-11T05:19:56
media_original/2026-03/Img/f93c86ea4e738265ec02cc8b8c10b193.dat,Img,dat,f93c86ea4e738265ec02cc8b8c10b193.dat,38039,2026-09-11T05:19:56
media_original/2026-03/Img/8d2e6497bdc1dfe4082c3241792af880_t.dat,Img,dat,8d2e6497bdc1dfe4082c3241792af880_t.dat,12878,2026-09-11T05:19:56
media_original/2026-03/Img/c287bb47d5bb57d6567ee74215c016c6_h.dat,Img,dat,c287bb47d5bb57d6567ee74215c016c6_h.dat,17828,2026-09-11T05:19:56
media_original/2026-03/Img/3e78b2f9b11f28a816de003e7328a7e9.dat,Img,dat,3e78b2f9b11f28a816de003e7328a7e9.dat,118137,2026-09-11T05:19:56
media_original/2026-03/Img/fc45fbe5ba58f7633c57599a353a930d_t.dat,Img,dat,fc45fbe5ba58f7633c57599a353a930d_t.dat,4236,2026-09-11T05:19:56
media_original/2026-03/Img/d06b917c0a94cc178a4aa83d9bf4eacc.dat,Img,dat,d06b917c0a94cc178a4aa83d9bf4eacc.dat,10516,2026-09-11T05:19:56
media_original/2026-03/Img/8e2868da5da5e9461f07f8161e4140b0_t.dat,Img,dat,8e2868da5da5e9461f07f8161e4140b0_t.dat,1454,2026-09-11T05:19:56
media_original/2026-03/Img/ee7c504dca39b37044f90ed7632ab188.dat,Img,dat,ee7c504dca39b37044f90ed7632ab188.dat,6727,2026-09-11T05:19:56
media_original/2026-03/Img/450f5d1801bc2c6a6345b1daa544d8d3.dat,Img,dat,450f5d1801bc2c6a6345b1daa544d8d3.dat,31565,2026-09-11T05:19:56
media_original/2026-03/Img/8e74ddda6c4c9b6f25aab33647d1ea81_t.dat,Img,dat,8e74ddda6c4c9b6f25aab33647d1ea81_t.dat,4462,2026-09-11T05:19:56
media_original/2026-03/Img/3f2c30fa948132aade10f35fcfffb0ad.dat,Img,dat,3f2c30fa948132aade10f35fcfffb0ad.dat,64916,2026-09-11T05:19:56
media_original/2026-03/Img/5b573b6121235ef46cea237d7e087279_t.dat,Img,dat,5b573b6121235ef46cea237d7e087279_t.dat,1871,2026-09-11T05:19:56
media_original/2026-03/Img/d040cdff19028bb01e8d93c1ca99cba3_t.dat,Img,dat,d040cdff19028bb01e8d93c1ca99cba3_t.dat,5000,2026-09-11T05:19:56
media_original/2026-03/Img/d9695350bc190ce77f6c5f0849f939ea_h.dat,Img,dat,d9695350bc190ce77f6c5f0849f939ea_h.dat,13919581,2026-09-11T05:19:56
media_original/2026-03/Img/3e21882750794028c18ba8fb1a3166d2.dat,Img,dat,3e21882750794028c18ba8fb1a3166d2.dat,44857,2026-09-11T05:19:56
media_original/2026-03/Img/dca37e0c6db0480780fd71cef5e02d4f_h.dat,Img,dat,dca37e0c6db0480780fd71cef5e02d4f_h.dat,11346,2026-09-11T05:19:56
media_original/2026-03/Img/d0bed4d22649f1e50e962a04ec04054e_h.dat,Img,dat,d0bed4d22649f1e50e962a04ec04054e_h.dat,13130836,2026-09-11T05:19:56
media_original/2026-03/Img/6c8e9457328f4b70ef13837afa780a77.dat,Img,dat,6c8e9457328f4b70ef13837afa780a77.dat,2632,2026-09-11T05:19:56
media_original/2026-03/Img/29a93487fdbba886839bf31de3a9caa7_t.dat,Img,dat,29a93487fdbba886839bf31de3a9caa7_t.dat,6961,2026-09-11T05:19:56
media_original/2026-03/Img/a2fd4484191dff116f6907538a4f9214.dat,Img,dat,a2fd4484191dff116f6907538a4f9214.dat,2632,2026-09-11T05:19:56
media_original/2026-03/Img/db0869228752cae07cea9ca7a6a2f071.dat,Img,dat,db0869228752cae07cea9ca7a6a2f071.dat,54311,2026-09-11T05:19:56
media_original/2026-03/Img/33d373b163a5fe34f8e8462782166651_h.dat,Img,dat,33d373b163a5fe34f8e8462782166651_h.dat,11667,2026-09-11T05:19:56
media_original/2026-03/Img/12b342e1e25ec03c94ed2e358326f0d0.dat,Img,dat,12b342e1e25ec03c94ed2e358326f0d0.dat,6727,2026-09-11T05:19:56
media_original/2026-03/Img/496ba7320ec7ad6158044d6a02b77239_t.dat,Img,dat,496ba7320ec7ad6158044d6a02b77239_t.dat,3704,2026-09-11T05:19:56
media_original/2026-03/Img/909bc8ad5a398942d46f49d8538a52fb_t.dat,Img,dat,909bc8ad5a398942d46f49d8538a52fb_t.dat,4959,2026-09-11T05:19:56
media_original/2026-03/Img/2123bcfdf1261cff1d89aa61aa9db41b.dat,Img,dat,2123bcfdf1261cff1d89aa61aa9db41b.dat,14194,2026-09-11T05:19:56
media_original/2026-03/Img/16832f6f59bb2ddfb895fe81ec183858.dat,Img,dat,16832f6f59bb2ddfb895fe81ec183858.dat,59696,2026-09-11T05:19:56
media_original/2026-03/Img/15d0816ef423dc25237403d6daabbfaa_t.dat,Img,dat,15d0816ef423dc25237403d6daabbfaa_t.dat,4949,2026-09-11T05:19:56
media_original/2026-03/Img/c10561304c4739b321e353b4c6f74e1c.dat,Img,dat,c10561304c4739b321e353b4c6f74e1c.dat,3115,2026-09-11T05:19:56
media_original/2026-03/Img/b35907cee64c4b50b4820b9d0f42a0de.dat,Img,dat,b35907cee64c4b50b4820b9d0f42a0de.dat,233227,2026-09-11T05:19:56
media_original/2026-03/Img/b7a02271af8d8379974a46f822c8da6a_t.dat,Img,dat,b7a02271af8d8379974a46f822c8da6a_t.dat,3732,2026-09-11T05:19:56
media_original/2026-03/Img/4f3d9447b25aa98d0d25d96779fb27f9_h.dat,Img,dat,4f3d9447b25aa98d0d25d96779fb27f9_h.dat,739553,2026-09-11T05:19:56
media_original/2026-03/Img/23d412671f92e28f436a93907edefb8e_t.dat,Img,dat,23d412671f92e28f436a93907edefb8e_t.dat,5271,2026-09-11T05:19:56
media_original/2026-03/Img/f6292aa878d65e5199403748dd1b8c59_t.dat,Img,dat,f6292aa878d65e5199403748dd1b8c59_t.dat,8333,2026-09-11T05:19:56
media_original/2026-03/Img/fa45d31033bc11e0cd87ab4d8dbb0e95_t.dat,Img,dat,fa45d31033bc11e0cd87ab4d8dbb0e95_t.dat,4208,2026-09-11T05:19:56
media_original/2026-03/Img/4ae2392bfdf8e7501dd12e6334a287d2_t.dat,Img,dat,4ae2392bfdf8e7501dd12e6334a287d2_t.dat,5214,2026-09-11T05:19:56
media_original/2026-03/Img/5d7440d821ab0fa948ea5267659173d2_t.dat,Img,dat,5d7440d821ab0fa948ea5267659173d2_t.dat,5200,2026-09-11T05:19:56
media_original/2026-03/Img/32885ed1dd0783300075d4ce5d4214e6_t.dat,Img,dat,32885ed1dd0783300075d4ce5d4214e6_t.dat,4989,2026-09-11T05:19:56
media_original/2026-03/Img/01e9319fa5cf8ee1bc0c73b1ae5f01e1_h.dat,Img,dat,01e9319fa5cf8ee1bc0c73b1ae5f01e1_h.dat,90830,2026-09-11T05:19:56
media_original/2026-03/Img/ed60ec13ac237b4eca64e2d8d6e7441c_t.dat,Img,dat,ed60ec13ac237b4eca64e2d8d6e7441c_t.dat,2347,2026-09-11T05:19:56
media_original/2026-03/Img/4ae2392bfdf8e7501dd12e6334a287d2.dat,Img,dat,4ae2392bfdf8e7501dd12e6334a287d2.dat,234786,2026-09-11T05:19:56
media_original/2026-03/Img/e05746e1b7c3016dedb1b2b33336de6d_t.dat,Img,dat,e05746e1b7c3016dedb1b2b33336de6d_t.dat,3656,2026-09-11T05:19:56
media_original/2026-03/Img/052f43a64a678cb888ec85d812425502_t.dat,Img,dat,052f43a64a678cb888ec85d812425502_t.dat,3119,2026-09-11T05:19:56
media_original/2026-03/Img/ff1b970faa7c1352394c04df3a231227_t.dat,Img,dat,ff1b970faa7c1352394c04df3a231227_t.dat,8930,2026-09-11T05:19:56
media_original/2026-03/Img/726d70d52189f2eb1ad86fd5166e7e2b_t.dat,Img,dat,726d70d52189f2eb1ad86fd5166e7e2b_t.dat,4489,2026-09-11T05:19:56
media_original/2026-03/Img/7eddbf21946749f3ff61894ba224aaaf.dat,Img,dat,7eddbf21946749f3ff61894ba224aaaf.dat,35539,2026-09-11T05:19:56
media_original/2026-03/Img/f96a6af72748d2156acbd32241ed1c03_h.dat,Img,dat,f96a6af72748d2156acbd32241ed1c03_h.dat,244104,2026-09-11T05:19:56
media_original/2026-03/Img/2bbc1f38aa2efdeef05cc990a4e50a56_t.dat,Img,dat,2bbc1f38aa2efdeef05cc990a4e50a56_t.dat,6061,2026-09-11T05:19:56
media_original/2026-03/Img/70aa45dab663b4389b480622f105a034_t.dat,Img,dat,70aa45dab663b4389b480622f105a034_t.dat,10431,2026-09-11T05:19:56
media_original/2026-03/Img/614b8afaa165a734bd835a06033cab44_t.dat,Img,dat,614b8afaa165a734bd835a06033cab44_t.dat,4408,2026-09-11T05:19:56
media_original/2026-03/Img/3da26ecd9fbf92147c65ce2a4d671220_h.dat,Img,dat,3da26ecd9fbf92147c65ce2a4d671220_h.dat,40712,2026-09-11T05:19:56
media_original/2026-03/Img/df3ddd965573636adfa40007a0b30238_h.dat,Img,dat,df3ddd965573636adfa40007a0b30238_h.dat,203650,2026-09-11T05:19:56
media_original/2026-03/Img/5e9198683ff6eb3df0bb236b64abc725.dat,Img,dat,5e9198683ff6eb3df0bb236b64abc725.dat,100061,2026-09-11T05:19:56
media_original/2026-03/Img/ee3afbf881a30bb04b2189c6948d39ee_h.dat,Img,dat,ee3afbf881a30bb04b2189c6948d39ee_h.dat,3215851,2026-09-11T05:19:56
media_original/2026-03/Img/9391c0ec7c3cb248db4202c86df312ad_h.dat,Img,dat,9391c0ec7c3cb248db4202c86df312ad_h.dat,51448,2026-09-11T05:19:56
media_original/2026-03/Img/7574160b765c94018155708d8a049db6_t.dat,Img,dat,7574160b765c94018155708d8a049db6_t.dat,3969,2026-09-11T05:19:56
media_original/2026-03/Img/16832f6f59bb2ddfb895fe81ec183858_h.dat,Img,dat,16832f6f59bb2ddfb895fe81ec183858_h.dat,602898,2026-09-11T05:19:56
media_original/2026-03/Img/eefdf94acfd47215fff5dac1a14e153e.dat,Img,dat,eefdf94acfd47215fff5dac1a14e153e.dat,50479,2026-09-11T05:19:56
media_original/2026-03/Img/6c8e7fe5f52570dbed0d7adfc7f97eb1_t.dat,Img,dat,6c8e7fe5f52570dbed0d7adfc7f97eb1_t.dat,4721,2026-09-11T05:19:56
media_original/2026-03/Img/ee7c504dca39b37044f90ed7632ab188_h.dat,Img,dat,ee7c504dca39b37044f90ed7632ab188_h.dat,6727,2026-09-11T05:19:56
media_original/2026-03/Img/8e6651849dcd05a03e5f0d75cb893af1_h.dat,Img,dat,8e6651849dcd05a03e5f0d75cb893af1_h.dat,135687,2026-09-11T05:19:56
media_original/2026-03/Img/8f9422f1cde45ed40103711e2048a196.dat,Img,dat,8f9422f1cde45ed40103711e2048a196.dat,138392,2026-09-11T05:19:56
media_original/2026-03/Img/7e1e6f8637444b3a605c20fec4963c31_t.dat,Img,dat,7e1e6f8637444b3a605c20fec4963c31_t.dat,4884,2026-09-11T05:19:56
media_original/2026-03/Img/aa44fc5b0a7c6327e43d3007dce49abb_t.dat,Img,dat,aa44fc5b0a7c6327e43d3007dce49abb_t.dat,2164,2026-09-11T05:19:56
media_original/2026-03/Img/f15e12b8b9c8bb332234972c9e86c2e6_h.dat,Img,dat,f15e12b8b9c8bb332234972c9e86c2e6_h.dat,23326,2026-09-11T05:19:56
media_original/2026-03/Img/059109effb64ded97d60ca7eb85a248b_t.dat,Img,dat,059109effb64ded97d60ca7eb85a248b_t.dat,4063,2026-09-11T05:19:56
media_original/2026-03/Img/27176bdb6a2ba15c17022a432cc30f4a.dat,Img,dat,27176bdb6a2ba15c17022a432cc30f4a.dat,29986,2026-09-11T05:19:56
media_original/2026-03/Img/6a45f6305f39784c891864eee5d0dc0e_t.dat,Img,dat,6a45f6305f39784c891864eee5d0dc0e_t.dat,4844,2026-09-11T05:19:56
media_original/2026-03/Img/f15e12b8b9c8bb332234972c9e86c2e6.dat,Img,dat,f15e12b8b9c8bb332234972c9e86c2e6.dat,23326,2026-09-11T05:19:56
media_original/2026-03/Img/2825be0c0bc163b88d3e29101e3fef1c.dat,Img,dat,2825be0c0bc163b88d3e29101e3fef1c.dat,67284,2026-09-11T05:19:56
media_original/2026-03/Img/fd629d756c7e1c638590c49f616b00ea_t.dat,Img,dat,fd629d756c7e1c638590c49f616b00ea_t.dat,8748,2026-09-11T05:19:56
media_original/2026-03/Img/1d2678a7fdd6a8c5c3da1ef51c9355a7.dat,Img,dat,1d2678a7fdd6a8c5c3da1ef51c9355a7.dat,12983,2026-09-11T05:19:56
media_original/2026-03/Img/99d501d9328607f33ec757d70661291f_h.dat,Img,dat,99d501d9328607f33ec757d70661291f_h.dat,163183,2026-09-11T05:19:56
media_original/2026-03/Img/7308b29c6f6392d431719fbfb9645ce3_t.dat,Img,dat,7308b29c6f6392d431719fbfb9645ce3_t.dat,4972,2026-09-11T05:19:56
media_original/2026-03/Img/33d373b163a5fe34f8e8462782166651.dat,Img,dat,33d373b163a5fe34f8e8462782166651.dat,11667,2026-09-11T05:19:56
media_original/2026-03/Img/4b2bfa3728817a8e889719496a5713c1_t.dat,Img,dat,4b2bfa3728817a8e889719496a5713c1_t.dat,6354,2026-09-11T05:19:56
media_original/2026-03/Img/66ba6d4e17e265e1d80fa022ca398b35.dat,Img,dat,66ba6d4e17e265e1d80fa022ca398b35.dat,75395,2026-09-11T05:19:56
media_original/2026-03/Img/4e2a06c62891ab643e30b4ef4d25bf21_t.dat,Img,dat,4e2a06c62891ab643e30b4ef4d25bf21_t.dat,3651,2026-09-11T05:19:56
media_original/2026-03/Img/77c73f979d8c0ffd121db624ff0063b4.dat,Img,dat,77c73f979d8c0ffd121db624ff0063b4.dat,22794,2026-09-11T05:19:56
media_original/2026-03/Img/11f22e64335ff24572e2ddc9c3f2be35.dat,Img,dat,11f22e64335ff24572e2ddc9c3f2be35.dat,111836,2026-09-11T05:19:56
media_original/2026-03/Img/3053845468f5302e2b087d4077d7cb8e.dat,Img,dat,3053845468f5302e2b087d4077d7cb8e.dat,213445,2026-09-11T05:19:56
media_original/2026-03/Img/bdc9f94b87c15a796e97b23bb1cb662f.dat,Img,dat,bdc9f94b87c15a796e97b23bb1cb662f.dat,18557,2026-09-11T05:19:56
media_original/2026-03/Img/96114b01d502806c5e8e7b2f8ad15ed3.dat,Img,dat,96114b01d502806c5e8e7b2f8ad15ed3.dat,77176,2026-09-11T05:19:56
media_original/2026-03/Img/fe35b672dae3111f5c8baf019ab9918f_h.dat,Img,dat,fe35b672dae3111f5c8baf019ab9918f_h.dat,47468,2026-09-11T05:19:56
media_original/2026-03/Img/ed60ec13ac237b4eca64e2d8d6e7441c.dat,Img,dat,ed60ec13ac237b4eca64e2d8d6e7441c.dat,17599,2026-09-11T05:19:56
media_original/2026-03/Img/b388121b98fe374e3f99fa31cb66b4f2_t.dat,Img,dat,b388121b98fe374e3f99fa31cb66b4f2_t.dat,4686,2026-09-11T05:19:56
media_original/2026-03/Img/42e8c6e3c7233a986c7a6766446a29bb_h.dat,Img,dat,42e8c6e3c7233a986c7a6766446a29bb_h.dat,213590,2026-09-11T05:19:56
media_original/2026-03/Img/ee2c60534eb0c22218ec3900f3bb0346.dat,Img,dat,ee2c60534eb0c22218ec3900f3bb0346.dat,38525,2026-09-11T05:19:56
media_original/2026-03/Img/f709c1043e8da787c9204888df0c4c33_t.dat,Img,dat,f709c1043e8da787c9204888df0c4c33_t.dat,3193,2026-09-11T05:19:56
media_original/2026-03/Img/d1b3521c90c122bf326b89eef5c497ee_t.dat,Img,dat,d1b3521c90c122bf326b89eef5c497ee_t.dat,4288,2026-09-11T05:19:56
media_original/2026-03/Img/084aaacd1c37f70a8e905bc07a718197_h.dat,Img,dat,084aaacd1c37f70a8e905bc07a718197_h.dat,280679,2026-09-11T05:19:56
media_original/2026-03/Img/2123bcfdf1261cff1d89aa61aa9db41b_t.dat,Img,dat,2123bcfdf1261cff1d89aa61aa9db41b_t.dat,3461,2026-09-11T05:19:56
media_original/2026-03/Img/5b620b050331c1e9dae5d3a758c8ea66_t.dat,Img,dat,5b620b050331c1e9dae5d3a758c8ea66_t.dat,2583,2026-09-11T05:19:56
media_original/2026-03/Img/12b342e1e25ec03c94ed2e358326f0d0_h.dat,Img,dat,12b342e1e25ec03c94ed2e358326f0d0_h.dat,6727,2026-09-11T05:19:56
media_original/2026-03/Img/9d8eb10de8269d286591304307c378cc.dat,Img,dat,9d8eb10de8269d286591304307c378cc.dat,122959,2026-09-11T05:19:56
media_original/2026-03/Img/2a8f5fbcae370ecb98877b3ff1c1c913.dat,Img,dat,2a8f5fbcae370ecb98877b3ff1c1c913.dat,81244,2026-09-11T05:19:56
media_original/2026-03/Img/8e2868da5da5e9461f07f8161e4140b0.dat,Img,dat,8e2868da5da5e9461f07f8161e4140b0.dat,16458,2026-09-11T05:19:56
media_original/2026-03/Img/d0795067be91e99451aa25b706acbb31_t.dat,Img,dat,d0795067be91e99451aa25b706acbb31_t.dat,10128,2026-09-11T05:19:56
media_original/2026-03/Img/40a99e78572ed89dca42df5d2a9c3a08.dat,Img,dat,40a99e78572ed89dca42df5d2a9c3a08.dat,61714,2026-09-11T05:19:56
media_original/2026-03/Img/843bb932257bedd7eac1b9a307889654.dat,Img,dat,843bb932257bedd7eac1b9a307889654.dat,51638,2026-09-11T05:19:56
media_original/2026-03/Img/0b7f5e0c7c76005cabba2628401d7b17_t.dat,Img,dat,0b7f5e0c7c76005cabba2628401d7b17_t.dat,5670,2026-09-11T05:19:56
media_original/2026-03/Img/1178c823b8489989e2f17bcf13466ab8_h.dat,Img,dat,1178c823b8489989e2f17bcf13466ab8_h.dat,770689,2026-09-11T05:19:56
media_original/2026-03/Img/8e6651849dcd05a03e5f0d75cb893af1.dat,Img,dat,8e6651849dcd05a03e5f0d75cb893af1.dat,8750,2026-09-11T05:19:56
media_original/2026-03/Img/03745a630eda79363626bb0981dc44ed.dat,Img,dat,03745a630eda79363626bb0981dc44ed.dat,26728,2026-09-11T05:19:56
media_original/2026-03/Img/eefdf94acfd47215fff5dac1a14e153e_t.dat,Img,dat,eefdf94acfd47215fff5dac1a14e153e_t.dat,3829,2026-09-11T05:19:56
media_original/2026-03/Img/c4f6d52453cb02b833ce9e5be3fa626e.dat,Img,dat,c4f6d52453cb02b833ce9e5be3fa626e.dat,127293,2026-09-11T05:19:56
media_original/2026-03/Img/0ea7cea10661bd9da93629c79a7a486c_h.dat,Img,dat,0ea7cea10661bd9da93629c79a7a486c_h.dat,1140907,2026-09-11T05:19:56
media_original/2026-03/Img/af9dcbfd265b033fecb7f5305993f5bb_t.dat,Img,dat,af9dcbfd265b033fecb7f5305993f5bb_t.dat,8940,2026-09-11T05:19:56
media_original/2026-03/Img/376d61a3f4d243a6a7789a206c6a07cf_h.dat,Img,dat,376d61a3f4d243a6a7789a206c6a07cf_h.dat,315201,2026-09-11T05:19:56
media_original/2026-03/Img/cbd2f691906dc370f8206aabbb86c07f.dat,Img,dat,cbd2f691906dc370f8206aabbb86c07f.dat,46093,2026-09-11T05:19:56
media_original/2026-03/Img/d1b3521c90c122bf326b89eef5c497ee.dat,Img,dat,d1b3521c90c122bf326b89eef5c497ee.dat,56316,2026-09-11T05:19:56
media_original/2026-03/Img/542e9e4678d1bf1f984aea2a7c2aa568.dat,Img,dat,542e9e4678d1bf1f984aea2a7c2aa568.dat,70839,2026-09-11T05:19:56
media_original/2026-03/Img/3111af39b9d3e2602b3975f5f7ad9069.dat,Img,dat,3111af39b9d3e2602b3975f5f7ad9069.dat,79700,2026-09-11T05:19:56
media_original/2026-03/Img/c87fefeb56c990f661c01c7d1e90209a.dat,Img,dat,c87fefeb56c990f661c01c7d1e90209a.dat,94595,2026-09-11T05:19:56
media_original/2026-03/Img/49c9472230f5231193898f1a636e4a03_t.dat,Img,dat,49c9472230f5231193898f1a636e4a03_t.dat,3143,2026-09-11T05:19:56
media_original/2026-03/Img/a879bc1856a50b62c51be7c50d4d75db_t.dat,Img,dat,a879bc1856a50b62c51be7c50d4d75db_t.dat,6988,2026-09-11T05:19:56
media_original/2026-03/Img/15d0816ef423dc25237403d6daabbfaa.dat,Img,dat,15d0816ef423dc25237403d6daabbfaa.dat,51315,2026-09-11T05:19:56
media_original/2026-03/Img/c46d05eb824c83635bdab0e327ab1ee2_t.dat,Img,dat,c46d05eb824c83635bdab0e327ab1ee2_t.dat,3109,2026-09-11T05:19:56
media_original/2026-03/Img/8a46ae952452aa3a7efede40ff690ba5_t.dat,Img,dat,8a46ae952452aa3a7efede40ff690ba5_t.dat,3560,2026-09-11T05:19:56
media_original/2026-03/Img/5674cd1cd5d23328ba7b77c8f31e246a_t.dat,Img,dat,5674cd1cd5d23328ba7b77c8f31e246a_t.dat,3289,2026-09-11T05:19:56
media_original/2026-03/Img/23d412671f92e28f436a93907edefb8e.dat,Img,dat,23d412671f92e28f436a93907edefb8e.dat,64093,2026-09-11T05:19:56
media_original/2026-03/Img/bc529db1a3f43ada23f86a89666cd73b.dat,Img,dat,bc529db1a3f43ada23f86a89666cd73b.dat,29268,2026-09-11T05:19:56
media_original/2026-03/Img/2fdd0103691f80957fc14a79475b6d19_t.dat,Img,dat,2fdd0103691f80957fc14a79475b6d19_t.dat,1901,2026-09-11T05:19:56
media_original/2026-03/Img/9391c0ec7c3cb248db4202c86df312ad.dat,Img,dat,9391c0ec7c3cb248db4202c86df312ad.dat,51448,2026-09-11T05:19:56
media_original/2026-03/Img/c10561304c4739b321e353b4c6f74e1c_t.dat,Img,dat,c10561304c4739b321e353b4c6f74e1c_t.dat,14137,2026-09-11T05:19:57
media_original/2026-03/Img/542e9e4678d1bf1f984aea2a7c2aa568_t.dat,Img,dat,542e9e4678d1bf1f984aea2a7c2aa568_t.dat,3836,2026-09-11T05:19:57
media_original/2026-03/Img/bfb1c8063378fcdac7c91b2e7744be2b.dat,Img,dat,bfb1c8063378fcdac7c91b2e7744be2b.dat,66859,2026-09-11T05:19:57
media_original/2026-03/Img/072203f78eb60ee3c712d0ad2646e971.dat,Img,dat,072203f78eb60ee3c712d0ad2646e971.dat,64214,2026-09-11T05:19:57
media_original/2026-03/Img/614b8afaa165a734bd835a06033cab44.dat,Img,dat,614b8afaa165a734bd835a06033cab44.dat,58355,2026-09-11T05:19:57
media_original/2026-03/Img/af807ad44456e6122e15ed93b1435034_t.dat,Img,dat,af807ad44456e6122e15ed93b1435034_t.dat,4468,2026-09-11T05:19:57
media_original/2026-03/Img/27176bdb6a2ba15c17022a432cc30f4a_h.dat,Img,dat,27176bdb6a2ba15c17022a432cc30f4a_h.dat,2567786,2026-09-11T05:19:57
media_original/2026-03/Img/3e78b2f9b11f28a816de003e7328a7e9_t.dat,Img,dat,3e78b2f9b11f28a816de003e7328a7e9_t.dat,6501,2026-09-11T05:19:57
media_original/2026-03/Img/42e8c6e3c7233a986c7a6766446a29bb.dat,Img,dat,42e8c6e3c7233a986c7a6766446a29bb.dat,5540,2026-09-11T05:19:57
media_original/2026-03/Img/af891fd2c6f29a94062c5e05f4e1a33c_t.dat,Img,dat,af891fd2c6f29a94062c5e05f4e1a33c_t.dat,2317,2026-09-11T05:19:57
media_original/2026-03/Img/e0f911950bab19bd750a610454e0fbe2_t.dat,Img,dat,e0f911950bab19bd750a610454e0fbe2_t.dat,4523,2026-09-11T05:19:57
media_original/2026-03/Img/f68ee82fdb519dc979bf4e7f1320b5c8_t.dat,Img,dat,f68ee82fdb519dc979bf4e7f1320b5c8_t.dat,11352,2026-09-11T05:19:57
media_original/2026-03/Img/cdbba579071f38cd76b5f5c30c2009dd_t.dat,Img,dat,cdbba579071f38cd76b5f5c30c2009dd_t.dat,3405,2026-09-11T05:19:57
media_original/2026-03/Img/65d7cb58ba06c2f047c571cb8e59e44e_h.dat,Img,dat,65d7cb58ba06c2f047c571cb8e59e44e_h.dat,2282099,2026-09-11T05:19:57
media_original/2026-03/Img/4dd2d9a64e569723d156e359e6a2b08c_t.dat,Img,dat,4dd2d9a64e569723d156e359e6a2b08c_t.dat,13760,2026-09-11T05:19:57
media_original/2026-03/Img/7eddbf21946749f3ff61894ba224aaaf_t.dat,Img,dat,7eddbf21946749f3ff61894ba224aaaf_t.dat,4757,2026-09-11T05:19:57
media_original/2026-03/Img/5b620b050331c1e9dae5d3a758c8ea66.dat,Img,dat,5b620b050331c1e9dae5d3a758c8ea66.dat,128505,2026-09-11T05:19:57
media_original/2026-03/Img/11f22e64335ff24572e2ddc9c3f2be35_h.dat,Img,dat,11f22e64335ff24572e2ddc9c3f2be35_h.dat,13254530,2026-09-11T05:19:57
media_original/2026-03/Img/376d61a3f4d243a6a7789a206c6a07cf.dat,Img,dat,376d61a3f4d243a6a7789a206c6a07cf.dat,16147,2026-09-11T05:19:57
media_original/2026-03/Img/2b4d8e31e280fbf1c13112322259106f_h.dat,Img,dat,2b4d8e31e280fbf1c13112322259106f_h.dat,326564,2026-09-11T05:19:57
media_original/2026-03/Img/909bc8ad5a398942d46f49d8538a52fb.dat,Img,dat,909bc8ad5a398942d46f49d8538a52fb.dat,51305,2026-09-11T05:19:57
media_original/2026-03/Img/a0d918ea40a57ef4144175f69d550b5e_h.dat,Img,dat,a0d918ea40a57ef4144175f69d550b5e_h.dat,65270295,2026-09-11T05:19:57
media_original/2026-03/Img/e6fef41383f80cf1205717a8f74ca99f_t.dat,Img,dat,e6fef41383f80cf1205717a8f74ca99f_t.dat,11196,2026-09-11T05:19:57
media_original/2026-03/Img/f93c86ea4e738265ec02cc8b8c10b193_t.dat,Img,dat,f93c86ea4e738265ec02cc8b8c10b193_t.dat,4732,2026-09-11T05:19:57
media_original/2026-03/Img/490518beff8b520f61c4753722167795_t.dat,Img,dat,490518beff8b520f61c4753722167795_t.dat,2873,2026-09-11T05:19:57
media_original/2026-03/Img/2825be0c0bc163b88d3e29101e3fef1c_h.dat,Img,dat,2825be0c0bc163b88d3e29101e3fef1c_h.dat,746290,2026-09-11T05:19:57
media_original/2026-03/Img/4f3d9447b25aa98d0d25d96779fb27f9.dat,Img,dat,4f3d9447b25aa98d0d25d96779fb27f9.dat,72218,2026-09-11T05:19:57
media_original/2026-03/Img/c4282d65fa138b6cd77a14ad8d170158_t.dat,Img,dat,c4282d65fa138b6cd77a14ad8d170158_t.dat,3560,2026-09-11T05:19:57
media_original/2026-03/Img/bfb1c8063378fcdac7c91b2e7744be2b_t.dat,Img,dat,bfb1c8063378fcdac7c91b2e7744be2b_t.dat,3533,2026-09-11T05:19:57
media_original/2026-03/Img/450f5d1801bc2c6a6345b1daa544d8d3_h.dat,Img,dat,450f5d1801bc2c6a6345b1daa544d8d3_h.dat,213292,2026-09-11T05:19:57
media_original/2026-03/Img/cbd2f691906dc370f8206aabbb86c07f_h.dat,Img,dat,cbd2f691906dc370f8206aabbb86c07f_h.dat,556209,2026-09-11T05:19:57
media_original/2026-03/Img/f96a6af72748d2156acbd32241ed1c03.dat,Img,dat,f96a6af72748d2156acbd32241ed1c03.dat,13673,2026-09-11T05:19:57
media_original/2026-03/Img/6c8e9457328f4b70ef13837afa780a77_h.dat,Img,dat,6c8e9457328f4b70ef13837afa780a77_h.dat,2632,2026-09-11T05:19:57
media_original/2026-03/Img/496ba7320ec7ad6158044d6a02b77239.dat,Img,dat,496ba7320ec7ad6158044d6a02b77239.dat,59036,2026-09-11T05:19:57
media_original/2026-03/Img/3053845468f5302e2b087d4077d7cb8e_t.dat,Img,dat,3053845468f5302e2b087d4077d7cb8e_t.dat,5648,2026-09-11T05:19:57
media_original/2026-03/Img/a2fd4484191dff116f6907538a4f9214_h.dat,Img,dat,a2fd4484191dff116f6907538a4f9214_h.dat,2632,2026-09-11T05:19:57
media_original/2026-03/Img/e6fef41383f80cf1205717a8f74ca99f.dat,Img,dat,e6fef41383f80cf1205717a8f74ca99f.dat,218946,2026-09-11T05:19:57
media_original/2026-03/Img/038ad0f80927b4de47a05f2f9d7766cc_t.dat,Img,dat,038ad0f80927b4de47a05f2f9d7766cc_t.dat,3719,2026-09-11T05:19:57
media_original/2026-03/Img/d6e25f9b4397e887dc7d32f154f224fb.dat,Img,dat,d6e25f9b4397e887dc7d32f154f224fb.dat,10802,2026-09-11T05:19:57
media_original/2026-03/Img/96114b01d502806c5e8e7b2f8ad15ed3_t.dat,Img,dat,96114b01d502806c5e8e7b2f8ad15ed3_t.dat,6311,2026-09-11T05:19:57
media_original/2026-03/Img/65d7cb58ba06c2f047c571cb8e59e44e.dat,Img,dat,65d7cb58ba06c2f047c571cb8e59e44e.dat,35539,2026-09-11T05:19:57
media_original/2026-03/Img/a6084dc3d1503f881fd533dba35be0ae.dat,Img,dat,a6084dc3d1503f881fd533dba35be0ae.dat,63719,2026-09-11T05:19:57
media_original/2026-03/Img/421b7ea818a033d3fb5daa92013c117c_t.dat,Img,dat,421b7ea818a033d3fb5daa92013c117c_t.dat,5147,2026-09-11T05:19:57
media_original/2026-03/Img/5d7440d821ab0fa948ea5267659173d2.dat,Img,dat,5d7440d821ab0fa948ea5267659173d2.dat,17199,2026-09-11T05:19:57
media_original/2026-03/Img/d040cdff19028bb01e8d93c1ca99cba3.dat,Img,dat,d040cdff19028bb01e8d93c1ca99cba3.dat,62967,2026-09-11T05:19:57
media_original/2026-03/Img/3c9e4eabcdb044313865dfe229c3ff78.dat,Img,dat,3c9e4eabcdb044313865dfe229c3ff78.dat,20755,2026-09-11T05:19:57
media_original/2026-03/Img/77c73f979d8c0ffd121db624ff0063b4_t.dat,Img,dat,77c73f979d8c0ffd121db624ff0063b4_t.dat,5428,2026-09-11T05:19:57
media_original/2026-03/Img/490518beff8b520f61c4753722167795.dat,Img,dat,490518beff8b520f61c4753722167795.dat,28729,2026-09-11T05:19:57
media_original/2026-03/Img/028dd1d9499ada7a0e85cb9aeba4f3a2_t.dat,Img,dat,028dd1d9499ada7a0e85cb9aeba4f3a2_t.dat,15278,2026-09-11T05:19:57
media_original/2026-03/Img/376d61a3f4d243a6a7789a206c6a07cf_t.dat,Img,dat,376d61a3f4d243a6a7789a206c6a07cf_t.dat,3207,2026-09-11T05:19:57
media_original/2026-03/Img/8e74ddda6c4c9b6f25aab33647d1ea81.dat,Img,dat,8e74ddda6c4c9b6f25aab33647d1ea81.dat,75257,2026-09-11T05:19:57
media_original/2026-03/Img/5f58823c5349d0b3039c08ddac5fc3e0_t.dat,Img,dat,5f58823c5349d0b3039c08ddac5fc3e0_t.dat,4551,2026-09-11T05:19:57
media_original/2026-03/Img/0ea7cea10661bd9da93629c79a7a486c_t.dat,Img,dat,0ea7cea10661bd9da93629c79a7a486c_t.dat,4051,2026-09-11T05:19:57
media_original/2026-03/Img/eefdf94acfd47215fff5dac1a14e153e_h.dat,Img,dat,eefdf94acfd47215fff5dac1a14e153e_h.dat,1715237,2026-09-11T05:19:57
media_original/2026-03/Img/1178c823b8489989e2f17bcf13466ab8_t.dat,Img,dat,1178c823b8489989e2f17bcf13466ab8_t.dat,3212,2026-09-11T05:19:57
media_original/2026-03/Img/2a2835d608e39f05916c6a8f09269c18_t.dat,Img,dat,2a2835d608e39f05916c6a8f09269c18_t.dat,4216,2026-09-11T05:19:57
media_original/2026-03/Img/5e9198683ff6eb3df0bb236b64abc725_t.dat,Img,dat,5e9198683ff6eb3df0bb236b64abc725_t.dat,3800,2026-09-11T05:19:57
media_original/2026-03/Img/f709c1043e8da787c9204888df0c4c33.dat,Img,dat,f709c1043e8da787c9204888df0c4c33.dat,10539,2026-09-11T05:19:57
media_original/2026-03/Img/2fdd0103691f80957fc14a79475b6d19.dat,Img,dat,2fdd0103691f80957fc14a79475b6d19.dat,9545,2026-09-11T05:19:57
media_original/2026-03/Img/fd346a23fb2fdd1268fdab7b95713419.dat,Img,dat,fd346a23fb2fdd1268fdab7b95713419.dat,117529,2026-09-11T05:19:57
media_original/2026-03/Img/b30527bd7c79393008eee9aeb1572b86.dat,Img,dat,b30527bd7c79393008eee9aeb1572b86.dat,140649,2026-09-11T05:19:57
media_original/2026-03/Img/12b342e1e25ec03c94ed2e358326f0d0_t.dat,Img,dat,12b342e1e25ec03c94ed2e358326f0d0_t.dat,1623,2026-09-11T05:19:57
media_original/2026-03/Img/ff1b970faa7c1352394c04df3a231227.dat,Img,dat,ff1b970faa7c1352394c04df3a231227.dat,69626,2026-09-11T05:19:57
media_original/2026-03/Img/51de317221a49adf05d90c2c8613169d_t.dat,Img,dat,51de317221a49adf05d90c2c8613169d_t.dat,10106,2026-09-11T05:19:57
media_original/2026-03/Img/2123bcfdf1261cff1d89aa61aa9db41b_h.dat,Img,dat,2123bcfdf1261cff1d89aa61aa9db41b_h.dat,241291,2026-09-11T05:19:57
media_original/2026-03/Img/084aaacd1c37f70a8e905bc07a718197_t.dat,Img,dat,084aaacd1c37f70a8e905bc07a718197_t.dat,4760,2026-09-11T05:19:57
media_original/2026-03/Img/d1b3521c90c122bf326b89eef5c497ee_h.dat,Img,dat,d1b3521c90c122bf326b89eef5c497ee_h.dat,1926939,2026-09-11T05:19:57
media_original/2026-03/Img/d9695350bc190ce77f6c5f0849f939ea.dat,Img,dat,d9695350bc190ce77f6c5f0849f939ea.dat,237364,2026-09-11T05:19:57
media_original/2026-03/Img/42e8c6e3c7233a986c7a6766446a29bb_t.dat,Img,dat,42e8c6e3c7233a986c7a6766446a29bb_t.dat,4195,2026-09-11T05:19:57
media_original/2026-03/Img/b388121b98fe374e3f99fa31cb66b4f2_h.dat,Img,dat,b388121b98fe374e3f99fa31cb66b4f2_h.dat,8952174,2026-09-11T05:19:57
media_original/2026-03/Img/fe35b672dae3111f5c8baf019ab9918f_t.dat,Img,dat,fe35b672dae3111f5c8baf019ab9918f_t.dat,2843,2026-09-11T05:19:57
media_original/2026-03/Img/7574160b765c94018155708d8a049db6.dat,Img,dat,7574160b765c94018155708d8a049db6.dat,39031,2026-09-11T05:19:57
media_original/2026-03/Img/c287bb47d5bb57d6567ee74215c016c6.dat,Img,dat,c287bb47d5bb57d6567ee74215c016c6.dat,17828,2026-09-11T05:19:57
media_original/2026-03/Img/059109effb64ded97d60ca7eb85a248b.dat,Img,dat,059109effb64ded97d60ca7eb85a248b.dat,51623,2026-09-11T05:19:57
media_original/2026-03/Img/d3cc2457da0af9a48091b9eaec41cc78_t.dat,Img,dat,d3cc2457da0af9a48091b9eaec41cc78_t.dat,2874,2026-09-11T05:19:57
media_original/2026-03/Img/2b4d8e31e280fbf1c13112322259106f.dat,Img,dat,2b4d8e31e280fbf1c13112322259106f.dat,65373,2026-09-11T05:19:57
media_original/2026-03/Img/4b2bfa3728817a8e889719496a5713c1_h.dat,Img,dat,4b2bfa3728817a8e889719496a5713c1_h.dat,1231559,2026-09-11T05:19:57
media_original/2026-03/Img/eddbe8b9cff243a3229c59730d0f1685.dat,Img,dat,eddbe8b9cff243a3229c59730d0f1685.dat,170511,2026-09-11T05:19:57
media_original/2026-03/Img/7c6704f26939d2572b22948dd8c0b6fa_t.dat,Img,dat,7c6704f26939d2572b22948dd8c0b6fa_t.dat,3813,2026-09-11T05:19:57
media_original/2026-03/Img/8eef8cfef7ebb14e980fad511c447769_t.dat,Img,dat,8eef8cfef7ebb14e980fad511c447769_t.dat,7383,2026-09-11T05:19:57
media_original/2026-03/Img/8d2e6497bdc1dfe4082c3241792af880.dat,Img,dat,8d2e6497bdc1dfe4082c3241792af880.dat,456385,2026-09-11T05:19:57
media_original/2026-03/Img/96114b01d502806c5e8e7b2f8ad15ed3_h.dat,Img,dat,96114b01d502806c5e8e7b2f8ad15ed3_h.dat,1345644,2026-09-11T05:19:57
media_original/2026-03/Img/038ad0f80927b4de47a05f2f9d7766cc_h.dat,Img,dat,038ad0f80927b4de47a05f2f9d7766cc_h.dat,284347,2026-09-11T05:19:57
media_original/2026-03/Img/1dca12d195e0052a97d9fb8b972475c4.dat,Img,dat,1dca12d195e0052a97d9fb8b972475c4.dat,1492,2026-09-11T05:19:57
media_original/2026-03/Img/a2fd4484191dff116f6907538a4f9214_t.dat,Img,dat,a2fd4484191dff116f6907538a4f9214_t.dat,2090,2026-09-11T05:19:57
media_original/2026-03/Img/843bb932257bedd7eac1b9a307889654_t.dat,Img,dat,843bb932257bedd7eac1b9a307889654_t.dat,2812,2026-09-11T05:19:57
media_original/2026-03/Img/d0bed4d22649f1e50e962a04ec04054e.dat,Img,dat,d0bed4d22649f1e50e962a04ec04054e.dat,95703,2026-09-11T05:19:57
media_original/2026-03/Img/6c8e9457328f4b70ef13837afa780a77_t.dat,Img,dat,6c8e9457328f4b70ef13837afa780a77_t.dat,2090,2026-09-11T05:19:57
media_original/2026-03/Img/8eef8cfef7ebb14e980fad511c447769.dat,Img,dat,8eef8cfef7ebb14e980fad511c447769.dat,44422,2026-09-11T05:19:57
media_original/2026-03/Img/450f5d1801bc2c6a6345b1daa544d8d3_t.dat,Img,dat,450f5d1801bc2c6a6345b1daa544d8d3_t.dat,2403,2026-09-11T05:19:57
media_original/2026-03/Img/cbd2f691906dc370f8206aabbb86c07f_t.dat,Img,dat,cbd2f691906dc370f8206aabbb86c07f_t.dat,4293,2026-09-11T05:19:57
media_original/2026-03/Img/3c9e4eabcdb044313865dfe229c3ff78_t.dat,Img,dat,3c9e4eabcdb044313865dfe229c3ff78_t.dat,6787,2026-09-11T05:19:57
media_original/2026-03/Img/bfb1c8063378fcdac7c91b2e7744be2b_h.dat,Img,dat,bfb1c8063378fcdac7c91b2e7744be2b_h.dat,924123,2026-09-11T05:19:57
media_original/2026-03/Img/2825be0c0bc163b88d3e29101e3fef1c_t.dat,Img,dat,2825be0c0bc163b88d3e29101e3fef1c_t.dat,6518,2026-09-11T05:19:57
media_original/2026-03/Img/490518beff8b520f61c4753722167795_h.dat,Img,dat,490518beff8b520f61c4753722167795_h.dat,28729,2026-09-11T05:19:57
media_original/2026-03/Img/f93c86ea4e738265ec02cc8b8c10b193_h.dat,Img,dat,f93c86ea4e738265ec02cc8b8c10b193_h.dat,560333,2026-09-11T05:19:57
media_original/2026-03/Img/f6292aa878d65e5199403748dd1b8c59.dat,Img,dat,f6292aa878d65e5199403748dd1b8c59.dat,89587,2026-09-11T05:19:57
media_original/2026-03/Img/15c5f69ee32bb7e047d9dbf60a111bae.dat,Img,dat,15c5f69ee32bb7e047d9dbf60a111bae.dat,65249,2026-09-11T05:19:57
media_original/2026-03/Img/6c8e7fe5f52570dbed0d7adfc7f97eb1.dat,Img,dat,6c8e7fe5f52570dbed0d7adfc7f97eb1.dat,84384,2026-09-11T05:19:57
media_original/2026-03/Img/2b4d8e31e280fbf1c13112322259106f_t.dat,Img,dat,2b4d8e31e280fbf1c13112322259106f_t.dat,6309,2026-09-11T05:19:57
media_original/2026-03/Img/a0d918ea40a57ef4144175f69d550b5e_t.dat,Img,dat,a0d918ea40a57ef4144175f69d550b5e_t.dat,4790,2026-09-11T05:19:57
media_original/2026-03/Img/0ea7cea10661bd9da93629c79a7a486c.dat,Img,dat,0ea7cea10661bd9da93629c79a7a486c.dat,105051,2026-09-11T05:19:57
media_original/2026-03/Img/11f22e64335ff24572e2ddc9c3f2be35_t.dat,Img,dat,11f22e64335ff24572e2ddc9c3f2be35_t.dat,4727,2026-09-11T05:19:57
media_original/2026-03/Img/aa44fc5b0a7c6327e43d3007dce49abb.dat,Img,dat,aa44fc5b0a7c6327e43d3007dce49abb.dat,30997,2026-09-11T05:19:57
media_original/2026-03/Img/028dd1d9499ada7a0e85cb9aeba4f3a2.dat,Img,dat,028dd1d9499ada7a0e85cb9aeba4f3a2.dat,152041,2026-09-11T05:19:57
media_original/2026-03/Img/f68ee82fdb519dc979bf4e7f1320b5c8.dat,Img,dat,f68ee82fdb519dc979bf4e7f1320b5c8.dat,49887,2026-09-11T05:19:57
media_original/2026-03/Img/9d8eb10de8269d286591304307c378cc_t.dat,Img,dat,9d8eb10de8269d286591304307c378cc_t.dat,3944,2026-09-11T05:19:57
media_original/2026-03/Img/4dd2d9a64e569723d156e359e6a2b08c_h.dat,Img,dat,4dd2d9a64e569723d156e359e6a2b08c_h.dat,1071570,2026-09-11T05:19:57
media_original/2026-03/Img/f8bf7740fed5d5053a23103af8e96191.dat,Img,dat,f8bf7740fed5d5053a23103af8e96191.dat,85085,2026-09-11T05:19:57
media_original/2026-03/Img/65d7cb58ba06c2f047c571cb8e59e44e_t.dat,Img,dat,65d7cb58ba06c2f047c571cb8e59e44e_t.dat,4757,2026-09-11T05:19:57
media_original/2026-03/Img/7308b29c6f6392d431719fbfb9645ce3.dat,Img,dat,7308b29c6f6392d431719fbfb9645ce3.dat,122950,2026-09-11T05:19:57
media_original/2026-03/Img/a7d739867492dbc60bdc3978c2eaacc4_t.dat,Img,dat,a7d739867492dbc60bdc3978c2eaacc4_t.dat,3903,2026-09-11T05:19:57
media_original/2026-03/Img/5f58823c5349d0b3039c08ddac5fc3e0.dat,Img,dat,5f58823c5349d0b3039c08ddac5fc3e0.dat,71095,2026-09-11T05:19:57
media_original/2026-03/Img/2bbc1f38aa2efdeef05cc990a4e50a56.dat,Img,dat,2bbc1f38aa2efdeef05cc990a4e50a56.dat,90464,2026-09-11T05:19:57
media_original/2026-03/Img/f68ee82fdb519dc979bf4e7f1320b5c8_h.dat,Img,dat,f68ee82fdb519dc979bf4e7f1320b5c8_h.dat,3282224,2026-09-11T05:19:57
media_original/2026-03/Img/e0f911950bab19bd750a610454e0fbe2_h.dat,Img,dat,e0f911950bab19bd750a610454e0fbe2_h.dat,1599141,2026-09-11T05:19:57
media_original/2026-03/Img/ee2c60534eb0c22218ec3900f3bb0346_t.dat,Img,dat,ee2c60534eb0c22218ec3900f3bb0346_t.dat,6265,2026-09-11T05:19:57
media_original/2026-03/Img/af891fd2c6f29a94062c5e05f4e1a33c_h.dat,Img,dat,af891fd2c6f29a94062c5e05f4e1a33c_h.dat,30651,2026-09-11T05:19:57
media_original/2026-03/Img/3e78b2f9b11f28a816de003e7328a7e9_h.dat,Img,dat,3e78b2f9b11f28a816de003e7328a7e9_h.dat,5739928,2026-09-11T05:19:57
media_original/2026-03/Img/27176bdb6a2ba15c17022a432cc30f4a_t.dat,Img,dat,27176bdb6a2ba15c17022a432cc30f4a_t.dat,4302,2026-09-11T05:19:57
media_original/2026-03/Img/af807ad44456e6122e15ed93b1435034_h.dat,Img,dat,af807ad44456e6122e15ed93b1435034_h.dat,344176,2026-09-11T05:19:57
media_original/2026-03/Img/e0f911950bab19bd750a610454e0fbe2.dat,Img,dat,e0f911950bab19bd750a610454e0fbe2.dat,78871,2026-09-11T05:19:57
media_original/2026-03/Img/32885ed1dd0783300075d4ce5d4214e6.dat,Img,dat,32885ed1dd0783300075d4ce5d4214e6.dat,15453,2026-09-11T05:19:57
media_original/2026-03/Img/212e97a0398ef4ef757680b7aaa84b62.dat,Img,dat,212e97a0398ef4ef757680b7aaa84b62.dat,27488,2026-09-11T05:19:57
media_original/2026-03/Img/8d6b07426b5efeb8e8ff1d0de74bea9c_t.dat,Img,dat,8d6b07426b5efeb8e8ff1d0de74bea9c_t.dat,6677,2026-09-11T05:19:57
media_original/2026-03/Img/03fd98f285f3c7cedabc7df9c9ab58ae.dat,Img,dat,03fd98f285f3c7cedabc7df9c9ab58ae.dat,101656,2026-09-11T05:19:57
media_original/2026-03/Img/3da26ecd9fbf92147c65ce2a4d671220.dat,Img,dat,3da26ecd9fbf92147c65ce2a4d671220.dat,40712,2026-09-11T05:19:57
media_original/2026-03/Img/5674cd1cd5d23328ba7b77c8f31e246a_h.dat,Img,dat,5674cd1cd5d23328ba7b77c8f31e246a_h.dat,254435,2026-09-11T05:19:57
media_original/2026-03/Img/d1c03fd53fda89c0c1eaa5f13c0d4eb7_t.dat,Img,dat,d1c03fd53fda89c0c1eaa5f13c0d4eb7_t.dat,2154,2026-09-11T05:19:57
media_original/2026-03/Img/4d441b467ca360eeed74359492d97db4.dat,Img,dat,4d441b467ca360eeed74359492d97db4.dat,28167,2026-09-11T05:19:57
media_original/2026-03/Img/b388121b98fe374e3f99fa31cb66b4f2.dat,Img,dat,b388121b98fe374e3f99fa31cb66b4f2.dat,90553,2026-09-11T05:19:57
media_original/2026-03/Img/15d0816ef423dc25237403d6daabbfaa_h.dat,Img,dat,15d0816ef423dc25237403d6daabbfaa_h.dat,3719636,2026-09-11T05:19:57
media_original/2026-03/Img/496ba7320ec7ad6158044d6a02b77239_h.dat,Img,dat,496ba7320ec7ad6158044d6a02b77239_h.dat,806624,2026-09-11T05:19:57
media_original/2026-03/Img/909bc8ad5a398942d46f49d8538a52fb_h.dat,Img,dat,909bc8ad5a398942d46f49d8538a52fb_h.dat,3213288,2026-09-11T05:19:57
media_original/2026-03/Img/ee3afbf881a30bb04b2189c6948d39ee.dat,Img,dat,ee3afbf881a30bb04b2189c6948d39ee.dat,51347,2026-09-11T05:19:57
media_original/2026-03/Img/8a46ae952452aa3a7efede40ff690ba5.dat,Img,dat,8a46ae952452aa3a7efede40ff690ba5.dat,39825,2026-09-11T05:19:57
media_original/2026-03/Img/bc529db1a3f43ada23f86a89666cd73b_t.dat,Img,dat,bc529db1a3f43ada23f86a89666cd73b_t.dat,2613,2026-09-11T05:19:57
media_original/2026-03/Img/33d373b163a5fe34f8e8462782166651_t.dat,Img,dat,33d373b163a5fe34f8e8462782166651_t.dat,2663,2026-09-11T05:19:57
media_original/2026-03/Img/29a93487fdbba886839bf31de3a9caa7.dat,Img,dat,29a93487fdbba886839bf31de3a9caa7.dat,109799,2026-09-11T05:19:57
media_original/2026-03/Img/db0869228752cae07cea9ca7a6a2f071_t.dat,Img,dat,db0869228752cae07cea9ca7a6a2f071_t.dat,3668,2026-09-11T05:19:57
media_original/2026-03/Img/c4f6d52453cb02b833ce9e5be3fa626e_t.dat,Img,dat,c4f6d52453cb02b833ce9e5be3fa626e_t.dat,4960,2026-09-11T05:19:57
media_original/2026-03/Img/df3ddd965573636adfa40007a0b30238.dat,Img,dat,df3ddd965573636adfa40007a0b30238.dat,42187,2026-09-11T05:19:57
media_original/2026-03/Img/d0bed4d22649f1e50e962a04ec04054e_t.dat,Img,dat,d0bed4d22649f1e50e962a04ec04054e_t.dat,4815,2026-09-11T05:19:57
media_original/2026-03/Img/fc912b3b5875a9c8feb627bd8e4765a1.dat,Img,dat,fc912b3b5875a9c8feb627bd8e4765a1.dat,1203,2026-09-11T05:19:57
media_original/2026-03/Img/dca37e0c6db0480780fd71cef5e02d4f_t.dat,Img,dat,dca37e0c6db0480780fd71cef5e02d4f_t.dat,6282,2026-09-11T05:19:57
media_original/2026-03/Img/d9695350bc190ce77f6c5f0849f939ea_t.dat,Img,dat,d9695350bc190ce77f6c5f0849f939ea_t.dat,6337,2026-09-11T05:19:57
media_original/2026-03/Img/3111af39b9d3e2602b3975f5f7ad9069_t.dat,Img,dat,3111af39b9d3e2602b3975f5f7ad9069_t.dat,7989,2026-09-11T05:19:57
media_original/2026-03/Img/d040cdff19028bb01e8d93c1ca99cba3_h.dat,Img,dat,d040cdff19028bb01e8d93c1ca99cba3_h.dat,549514,2026-09-11T05:19:57
media_original/2026-03/Img/23a8cc2aa34cb599e26315e4a8bfd05f_t.dat,Img,dat,23a8cc2aa34cb599e26315e4a8bfd05f_t.dat,4797,2026-09-11T05:19:57
media_original/2026-03/Img/fe35b672dae3111f5c8baf019ab9918f.dat,Img,dat,fe35b672dae3111f5c8baf019ab9918f.dat,47468,2026-09-11T05:19:57
media_original/2026-03/Img/2a2835d608e39f05916c6a8f09269c18.dat,Img,dat,2a2835d608e39f05916c6a8f09269c18.dat,26788,2026-09-11T05:19:57
media_original/2026-03/Img/5b573b6121235ef46cea237d7e087279.dat,Img,dat,5b573b6121235ef46cea237d7e087279.dat,8079,2026-09-11T05:19:57
media_original/2026-03/Img/a879bc1856a50b62c51be7c50d4d75db.dat,Img,dat,a879bc1856a50b62c51be7c50d4d75db.dat,156308,2026-09-11T05:19:57
media_original/2026-03/Img/1da5439526fcd2de8248d4179101b638_t.dat,Img,dat,1da5439526fcd2de8248d4179101b638_t.dat,6141,2026-09-11T05:19:57
media_original/2026-03/Img/c287bb47d5bb57d6567ee74215c016c6_t.dat,Img,dat,c287bb47d5bb57d6567ee74215c016c6_t.dat,2503,2026-09-11T05:19:57
media_original/2026-03/Img/f5016d9fc365f8557dc8f6532133eac8_t.dat,Img,dat,f5016d9fc365f8557dc8f6532133eac8_t.dat,4230,2026-09-11T05:19:57
media_original/2026-03/Img/4d441b467ca360eeed74359492d97db4_t.dat,Img,dat,4d441b467ca360eeed74359492d97db4_t.dat,2917,2026-09-11T05:19:57
media_original/2026-03/Img/1d2678a7fdd6a8c5c3da1ef51c9355a7_t.dat,Img,dat,1d2678a7fdd6a8c5c3da1ef51c9355a7_t.dat,2680,2026-09-11T05:19:57
media_original/2026-03/Img/b30527bd7c79393008eee9aeb1572b86_t.dat,Img,dat,b30527bd7c79393008eee9aeb1572b86_t.dat,11679,2026-09-11T05:19:57
media_original/2026-03/Img/eddbe8b9cff243a3229c59730d0f1685_t.dat,Img,dat,eddbe8b9cff243a3229c59730d0f1685_t.dat,5618,2026-09-11T05:19:57
media_original/2026-03/Img/03fd98f285f3c7cedabc7df9c9ab58ae_t.dat,Img,dat,03fd98f285f3c7cedabc7df9c9ab58ae_t.dat,4667,2026-09-11T05:19:57
media_original/2026-03/Img/c87fefeb56c990f661c01c7d1e90209a_h.dat,Img,dat,c87fefeb56c990f661c01c7d1e90209a_h.dat,13823353,2026-09-11T05:19:57
media_original/2026-03/Img/7c6704f26939d2572b22948dd8c0b6fa.dat,Img,dat,7c6704f26939d2572b22948dd8c0b6fa.dat,52100,2026-09-11T05:19:57
media_original/2026-03/Img/dd72863b71f40bc58878b4e41c044df3_t.dat,Img,dat,dd72863b71f40bc58878b4e41c044df3_t.dat,6166,2026-09-11T05:19:57
media_original/2026-03/Img/a6084dc3d1503f881fd533dba35be0ae_h.dat,Img,dat,a6084dc3d1503f881fd533dba35be0ae_h.dat,2098470,2026-09-11T05:19:57
media_original/2026-03/Img/d06b917c0a94cc178a4aa83d9bf4eacc_t.dat,Img,dat,d06b917c0a94cc178a4aa83d9bf4eacc_t.dat,3482,2026-09-11T05:19:57
media_original/2026-03/Img/1dca12d195e0052a97d9fb8b972475c4_t.dat,Img,dat,1dca12d195e0052a97d9fb8b972475c4_t.dat,1657,2026-09-11T05:19:57
media_original/2026-03/Img/03745a630eda79363626bb0981dc44ed_t.dat,Img,dat,03745a630eda79363626bb0981dc44ed_t.dat,3572,2026-09-11T05:19:57
media_original/2026-03/Img/fd346a23fb2fdd1268fdab7b95713419_t.dat,Img,dat,fd346a23fb2fdd1268fdab7b95713419_t.dat,14967,2026-09-11T05:19:57
media_original/2026-03/Img/70aa45dab663b4389b480622f105a034.dat,Img,dat,70aa45dab663b4389b480622f105a034.dat,916824,2026-09-11T05:19:57
media_original/2026-03/Img/cf80d345446f30eeb4cbb38450245cff_h.dat,Img,dat,cf80d345446f30eeb4cbb38450245cff_h.dat,1558915,2026-09-11T05:19:57
media_original/2026-03/Img/bdc9f94b87c15a796e97b23bb1cb662f_t.dat,Img,dat,bdc9f94b87c15a796e97b23bb1cb662f_t.dat,6405,2026-09-11T05:19:57
media_original/2026-03/Img/605b391a3285e0205574b149a2fe4a21.dat,Img,dat,605b391a3285e0205574b149a2fe4a21.dat,18378,2026-09-11T05:19:57
media_original/2026-03/Img/3f2c30fa948132aade10f35fcfffb0ad_t.dat,Img,dat,3f2c30fa948132aade10f35fcfffb0ad_t.dat,2662,2026-09-11T05:19:57
media_original/2026-03/Img/dd72863b71f40bc58878b4e41c044df3.dat,Img,dat,dd72863b71f40bc58878b4e41c044df3.dat,99928,2026-09-11T05:19:57
media_original/2026-03/Img/cdbba579071f38cd76b5f5c30c2009dd.dat,Img,dat,cdbba579071f38cd76b5f5c30c2009dd.dat,41229,2026-09-11T05:19:57
media_original/2026-03/Img/f5016d9fc365f8557dc8f6532133eac8.dat,Img,dat,f5016d9fc365f8557dc8f6532133eac8.dat,63872,2026-09-11T05:19:57
media_original/2026-03/Img/99d501d9328607f33ec757d70661291f.dat,Img,dat,99d501d9328607f33ec757d70661291f.dat,65289,2026-09-11T05:19:57
media_original/2026-03/Img/212e97a0398ef4ef757680b7aaa84b62_t.dat,Img,dat,212e97a0398ef4ef757680b7aaa84b62_t.dat,3829,2026-09-11T05:19:57
media_original/2026-03/Img/80395297f19ca3553cb69c8bb05bc561_h.dat,Img,dat,80395297f19ca3553cb69c8bb05bc561_h.dat,205111,2026-09-11T05:19:57
media_original/2026-03/Img/cf80d345446f30eeb4cbb38450245cff.dat,Img,dat,cf80d345446f30eeb4cbb38450245cff.dat,150914,2026-09-11T05:19:57
media_original/2026-03/Img/fd39eef3a0d291c68161ac7bf995780d_t.dat,Img,dat,fd39eef3a0d291c68161ac7bf995780d_t.dat,4352,2026-09-11T05:19:57
media_original/2026-03/Img/01e9319fa5cf8ee1bc0c73b1ae5f01e1.dat,Img,dat,01e9319fa5cf8ee1bc0c73b1ae5f01e1.dat,90830,2026-09-11T05:19:57
media_original/2026-03/Img/c4282d65fa138b6cd77a14ad8d170158.dat,Img,dat,c4282d65fa138b6cd77a14ad8d170158.dat,39825,2026-09-11T05:19:57
media_original/2026-03/Img/66ba6d4e17e265e1d80fa022ca398b35_t.dat,Img,dat,66ba6d4e17e265e1d80fa022ca398b35_t.dat,8507,2026-09-11T05:19:57
media_original/2026-03/Img/726d70d52189f2eb1ad86fd5166e7e2b.dat,Img,dat,726d70d52189f2eb1ad86fd5166e7e2b.dat,53561,2026-09-11T05:19:57
media_original/2026-03/Img/eec7f984313f4e5db555b0c7cc53bbbf_h.dat,Img,dat,eec7f984313f4e5db555b0c7cc53bbbf_h.dat,2592056,2026-09-11T05:19:57
media_original/2026-03/Img/5674cd1cd5d23328ba7b77c8f31e246a.dat,Img,dat,5674cd1cd5d23328ba7b77c8f31e246a.dat,28914,2026-09-11T05:19:57
media_original/2026-03/Img/99d501d9328607f33ec757d70661291f_t.dat,Img,dat,99d501d9328607f33ec757d70661291f_t.dat,4709,2026-09-11T05:19:57
media_original/2026-03/Img/3e21882750794028c18ba8fb1a3166d2_t.dat,Img,dat,3e21882750794028c18ba8fb1a3166d2_t.dat,4377,2026-09-11T05:19:57
media_original/2026-03/Img/1da5439526fcd2de8248d4179101b638.dat,Img,dat,1da5439526fcd2de8248d4179101b638.dat,175236,2026-09-11T05:19:57
media_original/2026-03/Img/6a45f6305f39784c891864eee5d0dc0e_h.dat,Img,dat,6a45f6305f39784c891864eee5d0dc0e_h.dat,682830,2026-09-11T05:19:57
media_original/2026-03/Img/059109effb64ded97d60ca7eb85a248b_h.dat,Img,dat,059109effb64ded97d60ca7eb85a248b_h.dat,217072,2026-09-11T05:19:57
media_original/2026-03/Img/f15e12b8b9c8bb332234972c9e86c2e6_t.dat,Img,dat,f15e12b8b9c8bb332234972c9e86c2e6_t.dat,2097,2026-09-11T05:19:57
media_original/2026-03/Img/aa44fc5b0a7c6327e43d3007dce49abb_h.dat,Img,dat,aa44fc5b0a7c6327e43d3007dce49abb_h.dat,30997,2026-09-11T05:19:57
media_original/2026-03/Img/7e1e6f8637444b3a605c20fec4963c31_h.dat,Img,dat,7e1e6f8637444b3a605c20fec4963c31_h.dat,4847312,2026-09-11T05:19:57
media_original/2026-03/Img/51de317221a49adf05d90c2c8613169d.dat,Img,dat,51de317221a49adf05d90c2c8613169d.dat,19974,2026-09-11T05:19:57
media_original/2026-03/Img/8e6651849dcd05a03e5f0d75cb893af1_t.dat,Img,dat,8e6651849dcd05a03e5f0d75cb893af1_t.dat,3456,2026-09-11T05:19:57
media_original/2026-03/Img/ee7c504dca39b37044f90ed7632ab188_t.dat,Img,dat,ee7c504dca39b37044f90ed7632ab188_t.dat,1623,2026-09-11T05:19:57
media_original/2026-03/Img/052f43a64a678cb888ec85d812425502.dat,Img,dat,052f43a64a678cb888ec85d812425502.dat,34739,2026-09-11T05:19:57
media_original/2026-03/Img/6c8e7fe5f52570dbed0d7adfc7f97eb1_h.dat,Img,dat,6c8e7fe5f52570dbed0d7adfc7f97eb1_h.dat,1123269,2026-09-11T05:19:57
media_original/2026-03/Img/40a99e78572ed89dca42df5d2a9c3a08_t.dat,Img,dat,40a99e78572ed89dca42df5d2a9c3a08_t.dat,4222,2026-09-11T05:19:57
media_original/2026-03/Img/f8bf7740fed5d5053a23103af8e96191_t.dat,Img,dat,f8bf7740fed5d5053a23103af8e96191_t.dat,3588,2026-09-11T05:19:57
media_original/2026-03/Img/16832f6f59bb2ddfb895fe81ec183858_t.dat,Img,dat,16832f6f59bb2ddfb895fe81ec183858_t.dat,4511,2026-09-11T05:19:57
media_original/2026-03/Img/4e2a06c62891ab643e30b4ef4d25bf21.dat,Img,dat,4e2a06c62891ab643e30b4ef4d25bf21.dat,98226,2026-09-11T05:19:57
media_original/2026-03/Img/7574160b765c94018155708d8a049db6_h.dat,Img,dat,7574160b765c94018155708d8a049db6_h.dat,2222014,2026-09-11T05:19:57
media_original/2026-03/Img/1178c823b8489989e2f17bcf13466ab8.dat,Img,dat,1178c823b8489989e2f17bcf13466ab8.dat,65828,2026-09-11T05:19:57
media_original/2026-03/Img/ee3afbf881a30bb04b2189c6948d39ee_t.dat,Img,dat,ee3afbf881a30bb04b2189c6948d39ee_t.dat,4945,2026-09-11T05:19:57
media_original/2026-03/Img/9391c0ec7c3cb248db4202c86df312ad_t.dat,Img,dat,9391c0ec7c3cb248db4202c86df312ad_t.dat,4210,2026-09-11T05:19:57
media_original/2026-03/Img/df3ddd965573636adfa40007a0b30238_t.dat,Img,dat,df3ddd965573636adfa40007a0b30238_t.dat,6578,2026-09-11T05:19:57
media_original/2026-03/Img/4b2bfa3728817a8e889719496a5713c1.dat,Img,dat,4b2bfa3728817a8e889719496a5713c1.dat,54168,2026-09-11T05:19:57
media_original/2026-03/Img/d3cc2457da0af9a48091b9eaec41cc78.dat,Img,dat,d3cc2457da0af9a48091b9eaec41cc78.dat,68289,2026-09-11T05:19:57
media_original/2026-03/Img/4dd2d9a64e569723d156e359e6a2b08c.dat,Img,dat,4dd2d9a64e569723d156e359e6a2b08c.dat,65344,2026-09-11T05:19:57
media_original/2026-03/Img/3da26ecd9fbf92147c65ce2a4d671220_t.dat,Img,dat,3da26ecd9fbf92147c65ce2a4d671220_t.dat,3184,2026-09-11T05:19:57
media_original/2026-03/Img/8d6b07426b5efeb8e8ff1d0de74bea9c.dat,Img,dat,8d6b07426b5efeb8e8ff1d0de74bea9c.dat,48044,2026-09-11T05:19:57
media_original/2026-03/Img/614b8afaa165a734bd835a06033cab44_h.dat,Img,dat,614b8afaa165a734bd835a06033cab44_h.dat,58355,2026-09-11T05:19:57
media_original/2026-03/Img/76039a82c77b999b6948e209e7d04735_t.dat,Img,dat,76039a82c77b999b6948e209e7d04735_t.dat,4354,2026-09-11T05:19:57
media_original/2026-03/Img/15c5f69ee32bb7e047d9dbf60a111bae_t.dat,Img,dat,15c5f69ee32bb7e047d9dbf60a111bae_t.dat,3907,2026-09-11T05:19:57
media_original/2026-03/Img/dca37e0c6db0480780fd71cef5e02d4f.dat,Img,dat,dca37e0c6db0480780fd71cef5e02d4f.dat,11346,2026-09-11T05:19:57
media_original/2026-03/Img/f96a6af72748d2156acbd32241ed1c03_t.dat,Img,dat,f96a6af72748d2156acbd32241ed1c03_t.dat,3776,2026-09-11T05:19:57
media_original/2026-03/Img/fc45fbe5ba58f7633c57599a353a930d.dat,Img,dat,fc45fbe5ba58f7633c57599a353a930d.dat,141598,2026-09-11T05:19:57
media_original/2026-03/Img/49c9472230f5231193898f1a636e4a03.dat,Img,dat,49c9472230f5231193898f1a636e4a03.dat,3675,2026-09-11T05:19:57
media_original/2026-03/Img/ff1b970faa7c1352394c04df3a231227_h.dat,Img,dat,ff1b970faa7c1352394c04df3a231227_h.dat,3942459,2026-09-11T05:19:57
media_original/2026-03/Img/fc912b3b5875a9c8feb627bd8e4765a1_t.dat,Img,dat,fc912b3b5875a9c8feb627bd8e4765a1_t.dat,2945,2026-09-11T05:19:57
media_original/2026-03/Img/7e1e6f8637444b3a605c20fec4963c31.dat,Img,dat,7e1e6f8637444b3a605c20fec4963c31.dat,50417,2026-09-11T05:19:57
media_original/2026-03/Img/f967445d11ddaa8c56c740eaa9c5ca45_t.dat,Img,dat,f967445d11ddaa8c56c740eaa9c5ca45_t.dat,1843,2026-09-11T05:19:57
media_original/2026-03/Img/d6e25f9b4397e887dc7d32f154f224fb_t.dat,Img,dat,d6e25f9b4397e887dc7d32f154f224fb_t.dat,5491,2026-09-11T05:19:57
media_original/2026-03/Img/76039a82c77b999b6948e209e7d04735.dat,Img,dat,76039a82c77b999b6948e209e7d04735.dat,29961,2026-09-11T05:19:57
media_original/2026-03/Img/1e076f3097cda99f9f831db493911cf2.dat,Img,dat,1e076f3097cda99f9f831db493911cf2.dat,9579,2026-09-11T05:19:57
media_original/2026-03/Img/fd39eef3a0d291c68161ac7bf995780d.dat,Img,dat,fd39eef3a0d291c68161ac7bf995780d.dat,30623,2026-09-11T05:19:57
media_original/2026-03/Img/af807ad44456e6122e15ed93b1435034.dat,Img,dat,af807ad44456e6122e15ed93b1435034.dat,25732,2026-09-11T05:19:57
media_original/2026-03/Img/084aaacd1c37f70a8e905bc07a718197.dat,Img,dat,084aaacd1c37f70a8e905bc07a718197.dat,13484,2026-09-11T05:19:57
media_original/2026-03/Img/fd629d756c7e1c638590c49f616b00ea.dat,Img,dat,fd629d756c7e1c638590c49f616b00ea.dat,105156,2026-09-11T05:19:57
media_original/2026-03/Img/80395297f19ca3553cb69c8bb05bc561.dat,Img,dat,80395297f19ca3553cb69c8bb05bc561.dat,48350,2026-09-11T05:19:57
media_original/2026-03/Img/421b7ea818a033d3fb5daa92013c117c.dat,Img,dat,421b7ea818a033d3fb5daa92013c117c.dat,161778,2026-09-11T05:19:57
media_original/2026-03/Img/01e9319fa5cf8ee1bc0c73b1ae5f01e1_t.dat,Img,dat,01e9319fa5cf8ee1bc0c73b1ae5f01e1_t.dat,2745,2026-09-11T05:19:57
media_original/2026-03/Img/fa45d31033bc11e0cd87ab4d8dbb0e95_h.dat,Img,dat,fa45d31033bc11e0cd87ab4d8dbb0e95_h.dat,150510,2026-09-11T05:19:57
media_original/2026-03/Img/8f9422f1cde45ed40103711e2048a196_t.dat,Img,dat,8f9422f1cde45ed40103711e2048a196_t.dat,16676,2026-09-11T05:19:57
media_original/2026-03/Img/23d412671f92e28f436a93907edefb8e_h.dat,Img,dat,23d412671f92e28f436a93907edefb8e_h.dat,1572429,2026-09-11T05:19:57
media_original/2026-03/Img/eec7f984313f4e5db555b0c7cc53bbbf.dat,Img,dat,eec7f984313f4e5db555b0c7cc53bbbf.dat,123315,2026-09-11T05:19:57
media_original/2026-03/Img/4f3d9447b25aa98d0d25d96779fb27f9_t.dat,Img,dat,4f3d9447b25aa98d0d25d96779fb27f9_t.dat,5796,2026-09-11T05:19:57
media_original/2026-03/Img/038ad0f80927b4de47a05f2f9d7766cc.dat,Img,dat,038ad0f80927b4de47a05f2f9d7766cc.dat,27078,2026-09-11T05:19:57
media_original/2026-03/Img/fa45d31033bc11e0cd87ab4d8dbb0e95.dat,Img,dat,fa45d31033bc11e0cd87ab4d8dbb0e95.dat,15181,2026-09-11T05:19:57
media_original/2026-04/Img/b5fd4dbd407640f069f9a04219fb41a1_t.dat,Img,dat,b5fd4dbd407640f069f9a04219fb41a1_t.dat,2943,2026-09-11T05:19:57
media_original/2026-04/Img/622165dd2b6a225ba41218e02bf9818f.dat,Img,dat,622165dd2b6a225ba41218e02bf9818f.dat,127692,2026-09-11T05:19:57
media_original/2026-04/Img/1ed097b84b79cab4dada2a9fa4f6eae9.dat,Img,dat,1ed097b84b79cab4dada2a9fa4f6eae9.dat,67333,2026-09-11T05:19:57
media_original/2026-04/Img/5bc93d6780128710653aa38c9bfc58b6_h.dat,Img,dat,5bc93d6780128710653aa38c9bfc58b6_h.dat,228306,2026-09-11T05:19:57
media_original/2026-04/Img/b850b8992f8db0692416550b5dff65ca_h.dat,Img,dat,b850b8992f8db0692416550b5dff65ca_h.dat,579311,2026-09-11T05:19:57
media_original/2026-04/Img/a028b8ccfc461be5c61bf38003c3cbbb_t.dat,Img,dat,a028b8ccfc461be5c61bf38003c3cbbb_t.dat,3990,2026-09-11T05:19:57
media_original/2026-04/Img/f572bc0fbc39d5d2225497090a888aa7_t.dat,Img,dat,f572bc0fbc39d5d2225497090a888aa7_t.dat,8503,2026-09-11T05:19:57
media_original/2026-04/Img/afce6c9b54f0105aad2e706200174aa4.dat,Img,dat,afce6c9b54f0105aad2e706200174aa4.dat,37445,2026-09-11T05:19:57
media_original/2026-04/Img/2ee502a64ae653123af4a7e50be71109_t.dat,Img,dat,2ee502a64ae653123af4a7e50be71109_t.dat,9046,2026-09-11T05:19:57
media_original/2026-04/Img/e7a6a55b6693efcda41b6cc470b6e847.dat,Img,dat,e7a6a55b6693efcda41b6cc470b6e847.dat,24886,2026-09-11T05:19:57
media_original/2026-04/Img/b0cd8eb2d5719cfa8d4e9231e719ec8b.dat,Img,dat,b0cd8eb2d5719cfa8d4e9231e719ec8b.dat,153763,2026-09-11T05:19:57
media_original/2026-04/Img/8c1fd251991d95c63dc1113af56cdc10.dat,Img,dat,8c1fd251991d95c63dc1113af56cdc10.dat,10298,2026-09-11T05:19:57
media_original/2026-04/Img/b850b8992f8db0692416550b5dff65ca.dat,Img,dat,b850b8992f8db0692416550b5dff65ca.dat,103054,2026-09-11T05:19:57
media_original/2026-04/Img/88c348ef18b28417b54ef5824da8e4c4_t.dat,Img,dat,88c348ef18b28417b54ef5824da8e4c4_t.dat,2396,2026-09-11T05:19:57
media_original/2026-04/Img/d499ab1fc6542ae812b184f67479ac9a.dat,Img,dat,d499ab1fc6542ae812b184f67479ac9a.dat,37344,2026-09-11T05:19:57
media_original/2026-04/Img/d3227b705ba2c976bf0f1ccef3b88af7_t.dat,Img,dat,d3227b705ba2c976bf0f1ccef3b88af7_t.dat,3535,2026-09-11T05:19:57
media_original/2026-04/Img/66a4e5f03143fcefb1d975d772af0135_t.dat,Img,dat,66a4e5f03143fcefb1d975d772af0135_t.dat,5702,2026-09-11T05:19:57
media_original/2026-04/Img/fd8faa23df50a6ad9a988bac31155e9e.dat,Img,dat,fd8faa23df50a6ad9a988bac31155e9e.dat,96348,2026-09-11T05:19:57
media_original/2026-04/Img/001e72aab6f01edc9ac178eb6b63cbc9.dat,Img,dat,001e72aab6f01edc9ac178eb6b63cbc9.dat,244583,2026-09-11T05:19:57
media_original/2026-04/Img/45ce49a52ab7235738a12560e0a79cd2_t.dat,Img,dat,45ce49a52ab7235738a12560e0a79cd2_t.dat,3647,2026-09-11T05:19:57
media_original/2026-04/Img/27fceb073f35875128e94fc0922b6e5c_h.dat,Img,dat,27fceb073f35875128e94fc0922b6e5c_h.dat,27912604,2026-09-11T05:19:57
media_original/2026-04/Img/5a60d5107f85d8a8396659273881a434_t.dat,Img,dat,5a60d5107f85d8a8396659273881a434_t.dat,2689,2026-09-11T05:19:57
media_original/2026-04/Img/60328cfc254d65e1f5025921873cfa52.dat,Img,dat,60328cfc254d65e1f5025921873cfa52.dat,27806,2026-09-11T05:19:57
media_original/2026-04/Img/955bbce9d817918ec50d44740e9f3f6a_h.dat,Img,dat,955bbce9d817918ec50d44740e9f3f6a_h.dat,493799,2026-09-11T05:19:57
media_original/2026-04/Img/d8532a47f8a90750b4c63738a0b8e0ad.dat,Img,dat,d8532a47f8a90750b4c63738a0b8e0ad.dat,54870,2026-09-11T05:19:57
media_original/2026-04/Img/972066cdbd2c8bd330a3a678dbc2f744_t.dat,Img,dat,972066cdbd2c8bd330a3a678dbc2f744_t.dat,4258,2026-09-11T05:19:57
media_original/2026-04/Img/b7a16d68a1a8994fe867d2fbdf732231_h.dat,Img,dat,b7a16d68a1a8994fe867d2fbdf732231_h.dat,24940,2026-09-11T05:19:57
media_original/2026-04/Img/1ed097b84b79cab4dada2a9fa4f6eae9_t.dat,Img,dat,1ed097b84b79cab4dada2a9fa4f6eae9_t.dat,6764,2026-09-11T05:19:57
media_original/2026-04/Img/b7ef1e492f92a315148cc92da18ce327_t.dat,Img,dat,b7ef1e492f92a315148cc92da18ce327_t.dat,4668,2026-09-11T05:19:57
media_original/2026-04/Img/f0952431050494139a7526ce1e755b95_t.dat,Img,dat,f0952431050494139a7526ce1e755b95_t.dat,3987,2026-09-11T05:19:57
media_original/2026-04/Img/fc00031346fdf0805b28f73477aba757_t.dat,Img,dat,fc00031346fdf0805b28f73477aba757_t.dat,3596,2026-09-11T05:19:57
media_original/2026-04/Img/182eebc14a0ed22dc1b7e001fcb8fee3_t.dat,Img,dat,182eebc14a0ed22dc1b7e001fcb8fee3_t.dat,4514,2026-09-11T05:19:57
media_original/2026-04/Img/52762571969a6aae36c24f2eec76feb3_t.dat,Img,dat,52762571969a6aae36c24f2eec76feb3_t.dat,5649,2026-09-11T05:19:57
media_original/2026-04/Img/67539f90cfdbecbc82afe1c1cdcefe58.dat,Img,dat,67539f90cfdbecbc82afe1c1cdcefe58.dat,73252,2026-09-11T05:19:57
media_original/2026-04/Img/4588a3187de3723887727bf6144b6757_t.dat,Img,dat,4588a3187de3723887727bf6144b6757_t.dat,13827,2026-09-11T05:19:57
media_original/2026-04/Img/5bc93d6780128710653aa38c9bfc58b6.dat,Img,dat,5bc93d6780128710653aa38c9bfc58b6.dat,33063,2026-09-11T05:19:57
media_original/2026-04/Img/955bbce9d817918ec50d44740e9f3f6a.dat,Img,dat,955bbce9d817918ec50d44740e9f3f6a.dat,53317,2026-09-11T05:19:57
media_original/2026-04/Img/c13efed5e12b69f8a954be885faec5c9_t.dat,Img,dat,c13efed5e12b69f8a954be885faec5c9_t.dat,3705,2026-09-11T05:19:57
media_original/2026-04/Img/f68a81e142b555743efee5e3678c12f1.dat,Img,dat,f68a81e142b555743efee5e3678c12f1.dat,70441,2026-09-11T05:19:57
media_original/2026-04/Img/f54e0b0b79ad0812ee59376d3c187091.dat,Img,dat,f54e0b0b79ad0812ee59376d3c187091.dat,267745,2026-09-11T05:19:57
media_original/2026-04/Img/b7ef1e492f92a315148cc92da18ce327.dat,Img,dat,b7ef1e492f92a315148cc92da18ce327.dat,29651,2026-09-11T05:19:57
media_original/2026-04/Img/b0cd8eb2d5719cfa8d4e9231e719ec8b_t.dat,Img,dat,b0cd8eb2d5719cfa8d4e9231e719ec8b_t.dat,15562,2026-09-11T05:19:57
media_original/2026-04/Img/52762571969a6aae36c24f2eec76feb3.dat,Img,dat,52762571969a6aae36c24f2eec76feb3.dat,83672,2026-09-11T05:19:57
media_original/2026-04/Img/7c43ec17b58f9cb822b1657c1132ce6e_t.dat,Img,dat,7c43ec17b58f9cb822b1657c1132ce6e_t.dat,13487,2026-09-11T05:19:57
media_original/2026-04/Img/6e4a6c62ca1e235a9790b56566d3f9d5_t.dat,Img,dat,6e4a6c62ca1e235a9790b56566d3f9d5_t.dat,10727,2026-09-11T05:19:57
media_original/2026-04/Img/5d2a4afc35ac47de944d994882bbd2d4.dat,Img,dat,5d2a4afc35ac47de944d994882bbd2d4.dat,198549,2026-09-11T05:19:57
media_original/2026-04/Img/01157afb6065b327562c3744129025eb_t.dat,Img,dat,01157afb6065b327562c3744129025eb_t.dat,3040,2026-09-11T05:19:57
media_original/2026-04/Img/f93926dcbf9154d8172a462ab762ee74_t.dat,Img,dat,f93926dcbf9154d8172a462ab762ee74_t.dat,12636,2026-09-11T05:19:57
media_original/2026-04/Img/79e093abeceeea8eff267dd6c3f920d2_t.dat,Img,dat,79e093abeceeea8eff267dd6c3f920d2_t.dat,9518,2026-09-11T05:19:57
media_original/2026-04/Img/afce6c9b54f0105aad2e706200174aa4_t.dat,Img,dat,afce6c9b54f0105aad2e706200174aa4_t.dat,5212,2026-09-11T05:19:57
media_original/2026-04/Img/4ddbf7475c9d749090454a3922be6b19.dat,Img,dat,4ddbf7475c9d749090454a3922be6b19.dat,433429,2026-09-11T05:19:57
media_original/2026-04/Img/9b117b39cfeec29527866eb2a8385538.dat,Img,dat,9b117b39cfeec29527866eb2a8385538.dat,18942,2026-09-11T05:19:57
media_original/2026-04/Img/5d2a4afc35ac47de944d994882bbd2d4_h.dat,Img,dat,5d2a4afc35ac47de944d994882bbd2d4_h.dat,1966856,2026-09-11T05:19:57
media_original/2026-04/Img/dbfcad3e7c522a7fcf46b14e6951e8a9_h.dat,Img,dat,dbfcad3e7c522a7fcf46b14e6951e8a9_h.dat,16674,2026-09-11T05:19:57
media_original/2026-04/Img/01157afb6065b327562c3744129025eb.dat,Img,dat,01157afb6065b327562c3744129025eb.dat,76285,2026-09-11T05:19:57
media_original/2026-04/Img/cbe30aa6caa8763607623e7d42f36407_t.dat,Img,dat,cbe30aa6caa8763607623e7d42f36407_t.dat,6548,2026-09-11T05:19:57
media_original/2026-04/Img/d8532a47f8a90750b4c63738a0b8e0ad_t.dat,Img,dat,d8532a47f8a90750b4c63738a0b8e0ad_t.dat,3082,2026-09-11T05:19:57
media_original/2026-04/Img/f54e0b0b79ad0812ee59376d3c187091_h.dat,Img,dat,f54e0b0b79ad0812ee59376d3c187091_h.dat,3111964,2026-09-11T05:19:57
media_original/2026-04/Img/60328cfc254d65e1f5025921873cfa52_t.dat,Img,dat,60328cfc254d65e1f5025921873cfa52_t.dat,2327,2026-09-11T05:19:57
media_original/2026-04/Img/d499ab1fc6542ae812b184f67479ac9a_t.dat,Img,dat,d499ab1fc6542ae812b184f67479ac9a_t.dat,7300,2026-09-11T05:19:57
media_original/2026-04/Img/21269a5631bef5e851896d956d89f7eb.dat,Img,dat,21269a5631bef5e851896d956d89f7eb.dat,12345,2026-09-11T05:19:57
media_original/2026-04/Img/ee2d8eaf4e49ae59ec6484537c480eb2_t.dat,Img,dat,ee2d8eaf4e49ae59ec6484537c480eb2_t.dat,3596,2026-09-11T05:19:57
media_original/2026-04/Img/4588a3187de3723887727bf6144b6757.dat,Img,dat,4588a3187de3723887727bf6144b6757.dat,284467,2026-09-11T05:19:57
media_original/2026-04/Img/9b117b39cfeec29527866eb2a8385538_t.dat,Img,dat,9b117b39cfeec29527866eb2a8385538_t.dat,2526,2026-09-11T05:19:57
media_original/2026-04/Img/7c43ec17b58f9cb822b1657c1132ce6e_h.dat,Img,dat,7c43ec17b58f9cb822b1657c1132ce6e_h.dat,2143882,2026-09-11T05:19:57
media_original/2026-04/Img/f93926dcbf9154d8172a462ab762ee74.dat,Img,dat,f93926dcbf9154d8172a462ab762ee74.dat,123573,2026-09-11T05:19:57
media_original/2026-04/Img/f7b377ec6d88609be014704bd8349685_t.dat,Img,dat,f7b377ec6d88609be014704bd8349685_t.dat,3941,2026-09-11T05:19:57
media_original/2026-04/Img/182eebc14a0ed22dc1b7e001fcb8fee3.dat,Img,dat,182eebc14a0ed22dc1b7e001fcb8fee3.dat,24404,2026-09-11T05:19:57
media_original/2026-04/Img/31957af6d51794d8c1e7713978ec9798.dat,Img,dat,31957af6d51794d8c1e7713978ec9798.dat,27349,2026-09-11T05:19:57
media_original/2026-04/Img/dc23b2f9a00bf29543fe5c9f00201ac9.dat,Img,dat,dc23b2f9a00bf29543fe5c9f00201ac9.dat,128974,2026-09-11T05:19:57
media_original/2026-04/Img/182eebc14a0ed22dc1b7e001fcb8fee3_h.dat,Img,dat,182eebc14a0ed22dc1b7e001fcb8fee3_h.dat,703350,2026-09-11T05:19:57
media_original/2026-04/Img/1bea4e4df2d2140624052fca3cb1dae6_t.dat,Img,dat,1bea4e4df2d2140624052fca3cb1dae6_t.dat,6163,2026-09-11T05:19:57
media_original/2026-04/Img/74f4e63e58726f314891c370c1471732_t.dat,Img,dat,74f4e63e58726f314891c370c1471732_t.dat,3922,2026-09-11T05:19:57
media_original/2026-04/Img/7c43ec17b58f9cb822b1657c1132ce6e.dat,Img,dat,7c43ec17b58f9cb822b1657c1132ce6e.dat,178696,2026-09-11T05:19:57
media_original/2026-04/Img/b7a16d68a1a8994fe867d2fbdf732231_t.dat,Img,dat,b7a16d68a1a8994fe867d2fbdf732231_t.dat,3466,2026-09-11T05:19:57
media_original/2026-04/Img/4ddbf7475c9d749090454a3922be6b19_t.dat,Img,dat,4ddbf7475c9d749090454a3922be6b19_t.dat,15550,2026-09-11T05:19:57
media_original/2026-04/Img/955bbce9d817918ec50d44740e9f3f6a_t.dat,Img,dat,955bbce9d817918ec50d44740e9f3f6a_t.dat,3221,2026-09-11T05:19:57
media_original/2026-04/Img/001e72aab6f01edc9ac178eb6b63cbc9_t.dat,Img,dat,001e72aab6f01edc9ac178eb6b63cbc9_t.dat,15429,2026-09-11T05:19:57
media_original/2026-04/Img/185cfe07f63132e876b145d64ea39a76_t.dat,Img,dat,185cfe07f63132e876b145d64ea39a76_t.dat,2908,2026-09-11T05:19:57
media_original/2026-04/Img/73bfcdc5e3537027d24af672cfcd8222_t.dat,Img,dat,73bfcdc5e3537027d24af672cfcd8222_t.dat,4877,2026-09-11T05:19:57
media_original/2026-04/Img/72000bccd5d929d273f54f28c20e0c2e_t.dat,Img,dat,72000bccd5d929d273f54f28c20e0c2e_t.dat,2589,2026-09-11T05:19:57
media_original/2026-04/Img/69d0229bb1d448cc792f0e81e1ed9c95_t.dat,Img,dat,69d0229bb1d448cc792f0e81e1ed9c95_t.dat,2774,2026-09-11T05:19:57
media_original/2026-04/Img/27fceb073f35875128e94fc0922b6e5c.dat,Img,dat,27fceb073f35875128e94fc0922b6e5c.dat,121327,2026-09-11T05:19:57
media_original/2026-04/Img/6da3f99713f64caf61b2232857ba9841.dat,Img,dat,6da3f99713f64caf61b2232857ba9841.dat,29985,2026-09-11T05:19:57
media_original/2026-04/Img/185cfe07f63132e876b145d64ea39a76.dat,Img,dat,185cfe07f63132e876b145d64ea39a76.dat,10796,2026-09-11T05:19:57
media_original/2026-04/Img/1bea4e4df2d2140624052fca3cb1dae6.dat,Img,dat,1bea4e4df2d2140624052fca3cb1dae6.dat,74065,2026-09-11T05:19:57
media_original/2026-04/Img/622165dd2b6a225ba41218e02bf9818f_t.dat,Img,dat,622165dd2b6a225ba41218e02bf9818f_t.dat,14481,2026-09-11T05:19:57
media_original/2026-04/Img/f54e0b0b79ad0812ee59376d3c187091_t.dat,Img,dat,f54e0b0b79ad0812ee59376d3c187091_t.dat,4177,2026-09-11T05:19:57
media_original/2026-04/Img/32221cad073390f5602662c2aacc3e18_t.dat,Img,dat,32221cad073390f5602662c2aacc3e18_t.dat,11592,2026-09-11T05:19:57
media_original/2026-04/Img/d8532a47f8a90750b4c63738a0b8e0ad_h.dat,Img,dat,d8532a47f8a90750b4c63738a0b8e0ad_h.dat,223928,2026-09-11T05:19:57
media_original/2026-04/Img/fc00031346fdf0805b28f73477aba757.dat,Img,dat,fc00031346fdf0805b28f73477aba757.dat,25917,2026-09-11T05:19:57
media_original/2026-04/Img/fd8faa23df50a6ad9a988bac31155e9e_t.dat,Img,dat,fd8faa23df50a6ad9a988bac31155e9e_t.dat,1606,2026-09-11T05:19:57
media_original/2026-04/Img/21269a5631bef5e851896d956d89f7eb_t.dat,Img,dat,21269a5631bef5e851896d956d89f7eb_t.dat,4119,2026-09-11T05:19:57
media_original/2026-04/Img/73bfcdc5e3537027d24af672cfcd8222.dat,Img,dat,73bfcdc5e3537027d24af672cfcd8222.dat,31630,2026-09-11T05:19:57
media_original/2026-04/Img/70508e23f8bd0242087f80e51488961b.dat,Img,dat,70508e23f8bd0242087f80e51488961b.dat,45816,2026-09-11T05:19:57
media_original/2026-04/Img/dbfcad3e7c522a7fcf46b14e6951e8a9_t.dat,Img,dat,dbfcad3e7c522a7fcf46b14e6951e8a9_t.dat,2861,2026-09-11T05:19:57
media_original/2026-04/Img/5d2a4afc35ac47de944d994882bbd2d4_t.dat,Img,dat,5d2a4afc35ac47de944d994882bbd2d4_t.dat,14817,2026-09-11T05:19:57
media_original/2026-04/Img/d3227b705ba2c976bf0f1ccef3b88af7.dat,Img,dat,d3227b705ba2c976bf0f1ccef3b88af7.dat,35942,2026-09-11T05:19:57
media_original/2026-04/Img/a79f81fad040529127aeb1ccc40c49c3_t.dat,Img,dat,a79f81fad040529127aeb1ccc40c49c3_t.dat,5016,2026-09-11T05:19:57
media_original/2026-04/Img/6b28e28ace81b222ea7c6f61d37af7e1_t.dat,Img,dat,6b28e28ace81b222ea7c6f61d37af7e1_t.dat,2958,2026-09-11T05:19:57
media_original/2026-04/Img/67539f90cfdbecbc82afe1c1cdcefe58_t.dat,Img,dat,67539f90cfdbecbc82afe1c1cdcefe58_t.dat,5430,2026-09-11T05:19:57
media_original/2026-04/Img/73cfdcbe912f73ce634ee4395fa8557a_t.dat,Img,dat,73cfdcbe912f73ce634ee4395fa8557a_t.dat,3681,2026-09-11T05:19:57
media_original/2026-04/Img/dc23b2f9a00bf29543fe5c9f00201ac9_t.dat,Img,dat,dc23b2f9a00bf29543fe5c9f00201ac9_t.dat,14042,2026-09-11T05:19:57
media_original/2026-04/Img/6b28e28ace81b222ea7c6f61d37af7e1.dat,Img,dat,6b28e28ace81b222ea7c6f61d37af7e1.dat,45579,2026-09-11T05:19:57
media_original/2026-04/Img/f68a81e142b555743efee5e3678c12f1_t.dat,Img,dat,f68a81e142b555743efee5e3678c12f1_t.dat,4336,2026-09-11T05:19:57
media_original/2026-04/Img/31957af6d51794d8c1e7713978ec9798_t.dat,Img,dat,31957af6d51794d8c1e7713978ec9798_t.dat,3423,2026-09-11T05:19:57
media_original/2026-04/Img/dbfcad3e7c522a7fcf46b14e6951e8a9.dat,Img,dat,dbfcad3e7c522a7fcf46b14e6951e8a9.dat,16674,2026-09-11T05:19:57
media_original/2026-04/Img/b850b8992f8db0692416550b5dff65ca_t.dat,Img,dat,b850b8992f8db0692416550b5dff65ca_t.dat,4535,2026-09-11T05:19:57
media_original/2026-04/Img/11481ffab3c9b31cb9ca013ff43e9a53_t.dat,Img,dat,11481ffab3c9b31cb9ca013ff43e9a53_t.dat,9584,2026-09-11T05:19:57
media_original/2026-04/Img/e7a6a55b6693efcda41b6cc470b6e847_t.dat,Img,dat,e7a6a55b6693efcda41b6cc470b6e847_t.dat,4459,2026-09-11T05:19:57
media_original/2026-04/Img/5bc93d6780128710653aa38c9bfc58b6_t.dat,Img,dat,5bc93d6780128710653aa38c9bfc58b6_t.dat,2196,2026-09-11T05:19:57
media_original/2026-04/Img/8c1fd251991d95c63dc1113af56cdc10_t.dat,Img,dat,8c1fd251991d95c63dc1113af56cdc10_t.dat,3192,2026-09-11T05:19:57
media_original/2026-04/Img/a79f81fad040529127aeb1ccc40c49c3.dat,Img,dat,a79f81fad040529127aeb1ccc40c49c3.dat,37982,2026-09-11T05:19:57
media_original/2026-04/Img/f5971f371a2261f82512d592df362793_t.dat,Img,dat,f5971f371a2261f82512d592df362793_t.dat,2608,2026-09-11T05:19:57
media_original/2026-04/Img/6e4a6c62ca1e235a9790b56566d3f9d5.dat,Img,dat,6e4a6c62ca1e235a9790b56566d3f9d5.dat,230226,2026-09-11T05:19:57
media_original/2026-04/Img/cd1b5bc4c6b9fa8063160af451eda9b0_t.dat,Img,dat,cd1b5bc4c6b9fa8063160af451eda9b0_t.dat,9245,2026-09-11T05:19:57
media_original/2026-04/Img/0e7feb2b36d7db63cabd751d817d4941_t.dat,Img,dat,0e7feb2b36d7db63cabd751d817d4941_t.dat,4206,2026-09-11T05:19:57
media_original/2026-04/Img/6da3f99713f64caf61b2232857ba9841_t.dat,Img,dat,6da3f99713f64caf61b2232857ba9841_t.dat,7349,2026-09-11T05:19:57
media_original/2026-04/Img/690fe3fab1b8c66ff857734af8609387_t.dat,Img,dat,690fe3fab1b8c66ff857734af8609387_t.dat,3908,2026-09-11T05:19:57
media_original/2026-04/Img/27fceb073f35875128e94fc0922b6e5c_t.dat,Img,dat,27fceb073f35875128e94fc0922b6e5c_t.dat,3672,2026-09-11T05:19:57
media_original/2026-04/Img/66a4e5f03143fcefb1d975d772af0135.dat,Img,dat,66a4e5f03143fcefb1d975d772af0135.dat,56378,2026-09-11T05:19:57
media_original/2026-04/Img/32221cad073390f5602662c2aacc3e18.dat,Img,dat,32221cad073390f5602662c2aacc3e18.dat,252334,2026-09-11T05:19:57
media_original/2026-04/Img/74f4e63e58726f314891c370c1471732.dat,Img,dat,74f4e63e58726f314891c370c1471732.dat,71481,2026-09-11T05:19:57
media_original/2026-04/Img/e5fb1961797436c0b3cf9d1e28204baa_t.dat,Img,dat,e5fb1961797436c0b3cf9d1e28204baa_t.dat,911,2026-09-11T05:19:57
media_original/2026-04/Img/f5971f371a2261f82512d592df362793.dat,Img,dat,f5971f371a2261f82512d592df362793.dat,35738,2026-09-11T05:19:57
media_original/2026-04/Img/c13efed5e12b69f8a954be885faec5c9.dat,Img,dat,c13efed5e12b69f8a954be885faec5c9.dat,92663,2026-09-11T05:19:57
media_original/2026-04/Img/664b60ccf2c65b1aeba121b8d4111093_t.dat,Img,dat,664b60ccf2c65b1aeba121b8d4111093_t.dat,13933,2026-09-11T05:19:57
media_original/2026-04/Img/71ee53a02aa3b5ce93fb1119286305bd_t.dat,Img,dat,71ee53a02aa3b5ce93fb1119286305bd_t.dat,6889,2026-09-11T05:19:57
media_original/2026-04/Img/d3227b705ba2c976bf0f1ccef3b88af7_h.dat,Img,dat,d3227b705ba2c976bf0f1ccef3b88af7_h.dat,125631,2026-09-11T05:19:57
media_original/2026-04/Img/5a60d5107f85d8a8396659273881a434.dat,Img,dat,5a60d5107f85d8a8396659273881a434.dat,97372,2026-09-11T05:19:57
media_original/2026-04/Img/70508e23f8bd0242087f80e51488961b_t.dat,Img,dat,70508e23f8bd0242087f80e51488961b_t.dat,2884,2026-09-11T05:19:57
media_original/2026-04/Img/b7a16d68a1a8994fe867d2fbdf732231.dat,Img,dat,b7a16d68a1a8994fe867d2fbdf732231.dat,24940,2026-09-11T05:19:57
media_original/2026-04/Img/f7b377ec6d88609be014704bd8349685.dat,Img,dat,f7b377ec6d88609be014704bd8349685.dat,472853,2026-09-11T05:19:57
media_original/2026-04/Img/25bf4cf8955b90c6809bf5592bf91497_t.dat,Img,dat,25bf4cf8955b90c6809bf5592bf91497_t.dat,8019,2026-09-11T05:19:57
media_original/2026-04/Img/0e7feb2b36d7db63cabd751d817d4941.dat,Img,dat,0e7feb2b36d7db63cabd751d817d4941.dat,39479,2026-09-11T05:19:57
media_original/2026-04/Img/cbe30aa6caa8763607623e7d42f36407.dat,Img,dat,cbe30aa6caa8763607623e7d42f36407.dat,27241,2026-09-11T05:19:57
media_original/2026-02/Img/1b2846ab0c91c845ff05e5ec310cf66a.dat,Img,dat,1b2846ab0c91c845ff05e5ec310cf66a.dat,105823,2026-09-11T05:19:56
media_original/2026-02/Img/4c7e7e9b4dfa4f773de41795ca0f1aaa.dat,Img,dat,4c7e7e9b4dfa4f773de41795ca0f1aaa.dat,19501,2026-09-11T05:19:56
media_original/2026-02/Img/09b67303f2a7d232da40e2d2210af5a1.dat,Img,dat,09b67303f2a7d232da40e2d2210af5a1.dat,93151,2026-09-11T05:19:56
media_original/2026-02/Img/9dada124d1bdae27812a60bb7e12890d_t.dat,Img,dat,9dada124d1bdae27812a60bb7e12890d_t.dat,9759,2026-09-11T05:19:56
media_original/2026-02/Img/2ba75a755257df6115db5d98d9954508_t.dat,Img,dat,2ba75a755257df6115db5d98d9954508_t.dat,11361,2026-09-11T05:19:56
media_original/2026-02/Img/5244727714431a348ab001af402106ee_t.dat,Img,dat,5244727714431a348ab001af402106ee_t.dat,5698,2026-09-11T05:19:56
media_original/2026-02/Img/d9a314e1de5b68c16400d5a3ba8abe42.dat,Img,dat,d9a314e1de5b68c16400d5a3ba8abe42.dat,35128,2026-09-11T05:19:56
media_original/2026-02/Img/8048ce91c8cb6d51fc2e013e83f170df_t.dat,Img,dat,8048ce91c8cb6d51fc2e013e83f170df_t.dat,4135,2026-09-11T05:19:56
media_original/2026-02/Img/9d8ffc082d3b0d3e5fd2f0fd6366219a_h.dat,Img,dat,9d8ffc082d3b0d3e5fd2f0fd6366219a_h.dat,7031387,2026-09-11T05:19:56
media_original/2026-02/Img/04f5ab6dbe637dd3b134938d2ea6abf7_h.dat,Img,dat,04f5ab6dbe637dd3b134938d2ea6abf7_h.dat,231286,2026-09-11T05:19:56
media_original/2026-02/Img/d9a314e1de5b68c16400d5a3ba8abe42_t.dat,Img,dat,d9a314e1de5b68c16400d5a3ba8abe42_t.dat,8596,2026-09-11T05:19:56
media_original/2026-02/Img/ba5bbe23bd8801910f926b9872ad964c.dat,Img,dat,ba5bbe23bd8801910f926b9872ad964c.dat,11475,2026-09-11T05:19:56
media_original/2026-02/Img/9de6802b9460c870624de8aa821e3685_t.dat,Img,dat,9de6802b9460c870624de8aa821e3685_t.dat,3857,2026-09-11T05:19:56
media_original/2026-02/Img/f0c22ab6cd638a9232ef5db8d0b228d2_h.dat,Img,dat,f0c22ab6cd638a9232ef5db8d0b228d2_h.dat,224305,2026-09-11T05:19:56
media_original/2026-02/Img/3b9f52645f24901641f4a26fe45964ed.dat,Img,dat,3b9f52645f24901641f4a26fe45964ed.dat,132802,2026-09-11T05:19:56
media_original/2026-02/Img/3ff6da0ff7ecae827d10e124498130d4.dat,Img,dat,3ff6da0ff7ecae827d10e124498130d4.dat,50627,2026-09-11T05:19:56
media_original/2026-02/Img/16ef0b484da03e372026aac1e03727a7_t.dat,Img,dat,16ef0b484da03e372026aac1e03727a7_t.dat,1277,2026-09-11T05:19:56
media_original/2026-02/Img/408_1770869088_t.dat,Img,dat,408_1770869088_t.dat,32384,2026-09-11T05:19:56
media_original/2026-02/Img/0009973e420000418464e64457a6c0ee_t.dat,Img,dat,0009973e420000418464e64457a6c0ee_t.dat,5664,2026-09-11T05:19:56
media_original/2026-02/Img/0009973e420000418464e64457a6c0ee.dat,Img,dat,0009973e420000418464e64457a6c0ee.dat,25437,2026-09-11T05:19:56
media_original/2026-02/Img/a595c17d3c54ae130fc8df4e7a3d02b9.dat,Img,dat,a595c17d3c54ae130fc8df4e7a3d02b9.dat,237006,2026-09-11T05:19:56
media_original/2026-02/Img/e6aaf2d5cd0f70abb3c4e2882fe5aaac.dat,Img,dat,e6aaf2d5cd0f70abb3c4e2882fe5aaac.dat,549111,2026-09-11T05:19:56
media_original/2026-02/Img/942cf8e056eec93458e9a825d4ab2074.dat,Img,dat,942cf8e056eec93458e9a825d4ab2074.dat,234122,2026-09-11T05:19:56
media_original/2026-02/Img/6c7a2214c06db02bde8d705ba01bd2a8.dat,Img,dat,6c7a2214c06db02bde8d705ba01bd2a8.dat,215438,2026-09-11T05:19:56
media_original/2026-02/Img/78362ce2a2079e3d7fe8f2eeb7fed6a0_t.dat,Img,dat,78362ce2a2079e3d7fe8f2eeb7fed6a0_t.dat,8563,2026-09-11T05:19:56
media_original/2026-02/Img/605_1771478877_t.dat,Img,dat,605_1771478877_t.dat,29194,2026-09-11T05:19:56
media_original/2026-02/Img/09b67303f2a7d232da40e2d2210af5a1_h.dat,Img,dat,09b67303f2a7d232da40e2d2210af5a1_h.dat,2080301,2026-09-11T05:19:56
media_original/2026-02/Img/03a36d25be414569dd7c6bf78bce3a0f_t.dat,Img,dat,03a36d25be414569dd7c6bf78bce3a0f_t.dat,8649,2026-09-11T05:19:56
media_original/2026-02/Img/7f8112632c5df99b9756bd104a9819e9_t.dat,Img,dat,7f8112632c5df99b9756bd104a9819e9_t.dat,7069,2026-09-11T05:19:56
media_original/2026-02/Img/2ba75a755257df6115db5d98d9954508.dat,Img,dat,2ba75a755257df6115db5d98d9954508.dat,96316,2026-09-11T05:19:56
media_original/2026-02/Img/04f5ab6dbe637dd3b134938d2ea6abf7.dat,Img,dat,04f5ab6dbe637dd3b134938d2ea6abf7.dat,14754,2026-09-11T05:19:56
media_original/2026-02/Img/80e9cd40ca85b20e467b599d976257a3.dat,Img,dat,80e9cd40ca85b20e467b599d976257a3.dat,182911,2026-09-11T05:19:56
media_original/2026-02/Img/f71e723d28ac13d27b66cf17f370c30d_t.dat,Img,dat,f71e723d28ac13d27b66cf17f370c30d_t.dat,3975,2026-09-11T05:19:56
media_original/2026-02/Img/3ff6da0ff7ecae827d10e124498130d4_t.dat,Img,dat,3ff6da0ff7ecae827d10e124498130d4_t.dat,2533,2026-09-11T05:19:56
media_original/2026-02/Img/ba5bbe23bd8801910f926b9872ad964c_h.dat,Img,dat,ba5bbe23bd8801910f926b9872ad964c_h.dat,186535,2026-09-11T05:19:56
media_original/2026-02/Img/4feb4a5238d3b242272a6dba1933c8b4_t.dat,Img,dat,4feb4a5238d3b242272a6dba1933c8b4_t.dat,3108,2026-09-11T05:19:56
media_original/2026-02/Img/f0c22ab6cd638a9232ef5db8d0b228d2.dat,Img,dat,f0c22ab6cd638a9232ef5db8d0b228d2.dat,72809,2026-09-11T05:19:56
media_original/2026-02/Img/18bfeef7bb9619a5edf910b297c590ef_t.dat,Img,dat,18bfeef7bb9619a5edf910b297c590ef_t.dat,12465,2026-09-11T05:19:56
media_original/2026-02/Img/1b2846ab0c91c845ff05e5ec310cf66a_h.dat,Img,dat,1b2846ab0c91c845ff05e5ec310cf66a_h.dat,960905,2026-09-11T05:19:56
media_original/2026-02/Img/aa653a2871c454bec44aea1814658ea6.dat,Img,dat,aa653a2871c454bec44aea1814658ea6.dat,780193,2026-09-11T05:19:56
media_original/2026-02/Img/8c310b1879c986aba15d9b56193602d5_t.dat,Img,dat,8c310b1879c986aba15d9b56193602d5_t.dat,2141,2026-09-11T05:19:56
media_original/2026-02/Img/3755c178482a8f676d0c248e09b4496a_t.dat,Img,dat,3755c178482a8f676d0c248e09b4496a_t.dat,3354,2026-09-11T05:19:56
media_original/2026-02/Img/af9b81373d2a37e33bc94e5262998e35.dat,Img,dat,af9b81373d2a37e33bc94e5262998e35.dat,105143,2026-09-11T05:19:56
media_original/2026-02/Img/ce4f65eb57752c54b8eedd8fe7c5c7ba_t.dat,Img,dat,ce4f65eb57752c54b8eedd8fe7c5c7ba_t.dat,6524,2026-09-11T05:19:56
media_original/2026-02/Img/80e9cd40ca85b20e467b599d976257a3_h.dat,Img,dat,80e9cd40ca85b20e467b599d976257a3_h.dat,3569017,2026-09-11T05:19:56
media_original/2026-02/Img/7bb30643b179b49f1bcd9993d8f905c5_t.dat,Img,dat,7bb30643b179b49f1bcd9993d8f905c5_t.dat,10258,2026-09-11T05:19:56
media_original/2026-02/Img/48083a3710e730d10ea5392d29bf7368.dat,Img,dat,48083a3710e730d10ea5392d29bf7368.dat,154835,2026-09-11T05:19:56
media_original/2026-02/Img/9de6802b9460c870624de8aa821e3685.dat,Img,dat,9de6802b9460c870624de8aa821e3685.dat,188616,2026-09-11T05:19:56
media_original/2026-02/Img/4c7e7e9b4dfa4f773de41795ca0f1aaa_t.dat,Img,dat,4c7e7e9b4dfa4f773de41795ca0f1aaa_t.dat,4237,2026-09-11T05:19:56
media_original/2026-02/Img/4f87315707506792b27ec549f6222a3d.dat,Img,dat,4f87315707506792b27ec549f6222a3d.dat,120525,2026-09-11T05:19:56
media_original/2026-02/Img/1a7168c7b009b8bba1cd10b7168d65d4_h.dat,Img,dat,1a7168c7b009b8bba1cd10b7168d65d4_h.dat,533632,2026-09-11T05:19:56
media_original/2026-02/Img/aa653a2871c454bec44aea1814658ea6_t.dat,Img,dat,aa653a2871c454bec44aea1814658ea6_t.dat,9558,2026-09-11T05:19:56
media_original/2026-02/Img/f71e723d28ac13d27b66cf17f370c30d.dat,Img,dat,f71e723d28ac13d27b66cf17f370c30d.dat,121533,2026-09-11T05:19:56
media_original/2026-02/Img/5bb47138df4a3ead4d721cf61ad3a291_h.dat,Img,dat,5bb47138df4a3ead4d721cf61ad3a291_h.dat,337487,2026-09-11T05:19:56
media_original/2026-02/Img/4feb4a5238d3b242272a6dba1933c8b4.dat,Img,dat,4feb4a5238d3b242272a6dba1933c8b4.dat,20642,2026-09-11T05:19:56
media_original/2026-02/Img/206b18de05893104f32f2503905200ad.dat,Img,dat,206b18de05893104f32f2503905200ad.dat,73749,2026-09-11T05:19:56
media_original/2026-02/Img/88e2b4aaeefb1afa81e3ac21dd0c5547_t.dat,Img,dat,88e2b4aaeefb1afa81e3ac21dd0c5547_t.dat,3986,2026-09-11T05:19:56
media_original/2026-02/Img/4f87315707506792b27ec549f6222a3d_t.dat,Img,dat,4f87315707506792b27ec549f6222a3d_t.dat,3255,2026-09-11T05:19:56
media_original/2026-02/Img/03a36d25be414569dd7c6bf78bce3a0f.dat,Img,dat,03a36d25be414569dd7c6bf78bce3a0f.dat,94130,2026-09-11T05:19:56
media_original/2026-02/Img/5348eec99d3b9c26f31a7af657b0ec41.dat,Img,dat,5348eec99d3b9c26f31a7af657b0ec41.dat,107940,2026-09-11T05:19:56
media_original/2026-02/Img/8048ce91c8cb6d51fc2e013e83f170df.dat,Img,dat,8048ce91c8cb6d51fc2e013e83f170df.dat,58295,2026-09-11T05:19:56
media_original/2026-02/Img/1b3bbe4a1037f41ee1f54844fddfc44d.dat,Img,dat,1b3bbe4a1037f41ee1f54844fddfc44d.dat,184863,2026-09-11T05:19:56
media_original/2026-02/Img/1b2846ab0c91c845ff05e5ec310cf66a_t.dat,Img,dat,1b2846ab0c91c845ff05e5ec310cf66a_t.dat,4339,2026-09-11T05:19:56
media_original/2026-02/Img/a595c17d3c54ae130fc8df4e7a3d02b9_t.dat,Img,dat,a595c17d3c54ae130fc8df4e7a3d02b9_t.dat,7100,2026-09-11T05:19:56
media_original/2026-02/Img/5a43b282b50d27a74ee0f5b8c8a36ab9_t.dat,Img,dat,5a43b282b50d27a74ee0f5b8c8a36ab9_t.dat,10513,2026-09-11T05:19:56
media_original/2026-02/Img/ba5bbe23bd8801910f926b9872ad964c_t.dat,Img,dat,ba5bbe23bd8801910f926b9872ad964c_t.dat,5840,2026-09-11T05:19:56
media_original/2026-02/Img/f1d9aa97c46aa25b97b9fe455df35c0f_t.dat,Img,dat,f1d9aa97c46aa25b97b9fe455df35c0f_t.dat,3749,2026-09-11T05:19:56
media_original/2026-02/Img/8c310b1879c986aba15d9b56193602d5.dat,Img,dat,8c310b1879c986aba15d9b56193602d5.dat,297702,2026-09-11T05:19:56
media_original/2026-02/Img/5348eec99d3b9c26f31a7af657b0ec41_t.dat,Img,dat,5348eec99d3b9c26f31a7af657b0ec41_t.dat,11579,2026-09-11T05:19:56
media_original/2026-02/Img/5bb47138df4a3ead4d721cf61ad3a291_t.dat,Img,dat,5bb47138df4a3ead4d721cf61ad3a291_t.dat,5851,2026-09-11T05:19:56
media_original/2026-02/Img/ce4f65eb57752c54b8eedd8fe7c5c7ba.dat,Img,dat,ce4f65eb57752c54b8eedd8fe7c5c7ba.dat,76156,2026-09-11T05:19:56
media_original/2026-02/Img/16ef0b484da03e372026aac1e03727a7.dat,Img,dat,16ef0b484da03e372026aac1e03727a7.dat,1939,2026-09-11T05:19:56
media_original/2026-02/Img/f1d9aa97c46aa25b97b9fe455df35c0f.dat,Img,dat,f1d9aa97c46aa25b97b9fe455df35c0f.dat,9136,2026-09-11T05:19:56
media_original/2026-02/Img/942cf8e056eec93458e9a825d4ab2074_t.dat,Img,dat,942cf8e056eec93458e9a825d4ab2074_t.dat,4286,2026-09-11T05:19:56
media_original/2026-02/Img/1a7168c7b009b8bba1cd10b7168d65d4_t.dat,Img,dat,1a7168c7b009b8bba1cd10b7168d65d4_t.dat,5080,2026-09-11T05:19:56
media_original/2026-02/Img/3755c178482a8f676d0c248e09b4496a.dat,Img,dat,3755c178482a8f676d0c248e09b4496a.dat,151409,2026-09-11T05:19:56
media_original/2026-02/Img/1b3bbe4a1037f41ee1f54844fddfc44d_t.dat,Img,dat,1b3bbe4a1037f41ee1f54844fddfc44d_t.dat,5572,2026-09-11T05:19:56
media_original/2026-02/Img/5a43b282b50d27a74ee0f5b8c8a36ab9.dat,Img,dat,5a43b282b50d27a74ee0f5b8c8a36ab9.dat,69716,2026-09-11T05:19:56
media_original/2026-02/Img/9d8ffc082d3b0d3e5fd2f0fd6366219a.dat,Img,dat,9d8ffc082d3b0d3e5fd2f0fd6366219a.dat,98460,2026-09-11T05:19:56
media_original/2026-02/Img/80e9cd40ca85b20e467b599d976257a3_t.dat,Img,dat,80e9cd40ca85b20e467b599d976257a3_t.dat,4090,2026-09-11T05:19:56
media_original/2026-02/Img/ed44cc75dcb499a3ee94052c8b046f20_t.dat,Img,dat,ed44cc75dcb499a3ee94052c8b046f20_t.dat,2528,2026-09-11T05:19:56
media_original/2026-02/Img/1b6360ffd391e808214cdd3bba450686.dat,Img,dat,1b6360ffd391e808214cdd3bba450686.dat,84945,2026-09-11T05:19:56
media_original/2026-02/Img/3755c178482a8f676d0c248e09b4496a_h.dat,Img,dat,3755c178482a8f676d0c248e09b4496a_h.dat,2806551,2026-09-11T05:19:56
media_original/2026-02/Img/3b9f52645f24901641f4a26fe45964ed_t.dat,Img,dat,3b9f52645f24901641f4a26fe45964ed_t.dat,4003,2026-09-11T05:19:56
media_original/2026-02/Img/e6aaf2d5cd0f70abb3c4e2882fe5aaac_t.dat,Img,dat,e6aaf2d5cd0f70abb3c4e2882fe5aaac_t.dat,3817,2026-09-11T05:19:56
media_original/2026-02/Img/1a7168c7b009b8bba1cd10b7168d65d4.dat,Img,dat,1a7168c7b009b8bba1cd10b7168d65d4.dat,69109,2026-09-11T05:19:56
media_original/2026-02/Img/e345b0a0aaec6c9c04b211e012e9b389.dat,Img,dat,e345b0a0aaec6c9c04b211e012e9b389.dat,33612,2026-09-11T05:19:56
media_original/2026-02/Img/f0c22ab6cd638a9232ef5db8d0b228d2_t.dat,Img,dat,f0c22ab6cd638a9232ef5db8d0b228d2_t.dat,10385,2026-09-11T05:19:56
media_original/2026-02/Img/9de6802b9460c870624de8aa821e3685_h.dat,Img,dat,9de6802b9460c870624de8aa821e3685_h.dat,3482940,2026-09-11T05:19:56
media_original/2026-02/Img/04f5ab6dbe637dd3b134938d2ea6abf7_t.dat,Img,dat,04f5ab6dbe637dd3b134938d2ea6abf7_t.dat,3637,2026-09-11T05:19:56
media_original/2026-02/Img/7f8112632c5df99b9756bd104a9819e9.dat,Img,dat,7f8112632c5df99b9756bd104a9819e9.dat,73371,2026-09-11T05:19:56
media_original/2026-02/Img/9d8ffc082d3b0d3e5fd2f0fd6366219a_t.dat,Img,dat,9d8ffc082d3b0d3e5fd2f0fd6366219a_t.dat,13007,2026-09-11T05:19:56
media_original/2026-02/Img/8048ce91c8cb6d51fc2e013e83f170df_h.dat,Img,dat,8048ce91c8cb6d51fc2e013e83f170df_h.dat,3769133,2026-09-11T05:19:56
media_original/2026-02/Img/1b6360ffd391e808214cdd3bba450686_t.dat,Img,dat,1b6360ffd391e808214cdd3bba450686_t.dat,7910,2026-09-11T05:19:56
media_original/2026-02/Img/03a36d25be414569dd7c6bf78bce3a0f_h.dat,Img,dat,03a36d25be414569dd7c6bf78bce3a0f_h.dat,377027,2026-09-11T05:19:56
media_original/2026-02/Img/09b67303f2a7d232da40e2d2210af5a1_t.dat,Img,dat,09b67303f2a7d232da40e2d2210af5a1_t.dat,4225,2026-09-11T05:19:56
media_original/2026-02/Img/ed44cc75dcb499a3ee94052c8b046f20.dat,Img,dat,ed44cc75dcb499a3ee94052c8b046f20.dat,43504,2026-09-11T05:19:56
media_original/2026-02/Img/5bb47138df4a3ead4d721cf61ad3a291.dat,Img,dat,5bb47138df4a3ead4d721cf61ad3a291.dat,22014,2026-09-11T05:19:56
media_original/2026-02/Img/8bc2ab4885b54d88d3e3c1b8f8efce87_t.dat,Img,dat,8bc2ab4885b54d88d3e3c1b8f8efce87_t.dat,3439,2026-09-11T05:19:56
media_original/2026-02/Img/6c7a2214c06db02bde8d705ba01bd2a8_t.dat,Img,dat,6c7a2214c06db02bde8d705ba01bd2a8_t.dat,19664,2026-09-11T05:19:56
media_original/2026-02/Img/e345b0a0aaec6c9c04b211e012e9b389_t.dat,Img,dat,e345b0a0aaec6c9c04b211e012e9b389_t.dat,2491,2026-09-11T05:19:56
media_original/2026-02/Img/206b18de05893104f32f2503905200ad_t.dat,Img,dat,206b18de05893104f32f2503905200ad_t.dat,12995,2026-09-11T05:19:56
media_original/2026-02/Img/78362ce2a2079e3d7fe8f2eeb7fed6a0.dat,Img,dat,78362ce2a2079e3d7fe8f2eeb7fed6a0.dat,185582,2026-09-11T05:19:56
media_original/2026-02/Img/48083a3710e730d10ea5392d29bf7368_t.dat,Img,dat,48083a3710e730d10ea5392d29bf7368_t.dat,13626,2026-09-11T05:19:56
media_original/2026-02/Img/0009973e420000418464e64457a6c0ee_h.dat,Img,dat,0009973e420000418464e64457a6c0ee_h.dat,353901,2026-09-11T05:19:56
media_original/2026-02/Img/88e2b4aaeefb1afa81e3ac21dd0c5547.dat,Img,dat,88e2b4aaeefb1afa81e3ac21dd0c5547.dat,104615,2026-09-11T05:19:56
media_original/2026-02/Img/9dada124d1bdae27812a60bb7e12890d.dat,Img,dat,9dada124d1bdae27812a60bb7e12890d.dat,40405,2026-09-11T05:19:56
media_original/2026-02/Img/af9b81373d2a37e33bc94e5262998e35_t.dat,Img,dat,af9b81373d2a37e33bc94e5262998e35_t.dat,12544,2026-09-11T05:19:56
media_original/2026-02/Img/5244727714431a348ab001af402106ee.dat,Img,dat,5244727714431a348ab001af402106ee.dat,31032,2026-09-11T05:19:56
media_original/video/2026-04/bc824bedb42f073bd94c0e725eb65dd8_thumb.jpg,2026-04,jpg,bc824bedb42f073bd94c0e725eb65dd8_thumb.jpg,6592,2026-09-11T05:37:28
media_original/video/2026-04/2e41885a354360be08a00b6c53cb26e6.mp4,2026-04,mp4,2e41885a354360be08a00b6c53cb26e6.mp4,1622109,2026-09-11T05:37:28
media_original/video/2026-04/bc824bedb42f073bd94c0e725eb65dd8.mp4,2026-04,mp4,bc824bedb42f073bd94c0e725eb65dd8.mp4,628530,2026-09-11T05:37:28
media_original/video/2026-04/bc824bedb42f073bd94c0e725eb65dd8.jpg,2026-04,jpg,bc824bedb42f073bd94c0e725eb65dd8.jpg,55355,2026-09-11T05:37:28
media_original/video/2026-04/2e41885a354360be08a00b6c53cb26e6.jpg,2026-04,jpg,2e41885a354360be08a00b6c53cb26e6.jpg,23500,2026-09-11T05:37:28
